#,um esquente: digite um nÕ_mero de 0 a 9,agora uma sequÕ_ncia numÕ©rica aleatÕ_ria que preencha todo o campo abaixo,vocÕ_ consegue ser mais aleatÕ_rio?,agora uma digitaÕ_Õ£o aleatÕ_ria usando todo o teclado,"e uma Õ_ltima, por favor",foi,quÕ£o aleatÕ_rio vocÕ_ acha que vocÕ_ Õ©?,Start Date (UTC),Submit Date (UTC),Network ID,duracao
61f5ebbc9c283ce7aaef35e14e0952ce,1,1.84E+14,8.76E+14,"mayfjwbejf93,.c/skcvgdow[sjliosy7bcjsgabksducglskhqlwimhmxlqheuhgpqeruhgegf-fg-sf-g0sfknq389232bvhjasvsdwhwerhh12t2fdbvd","32q4rwterxgfhcvuhbnlkm,'dl[as0disa9duas87dtaydg`fxcz`gasfysevqhwgtcvaxsahdgrs'p[lty[0wiu3,g/m27dfsd;e;orjktmjunÕ_[0iok;lh",7,9,12/10/15 03:21,12/10/15 03:22,d383bde0b4,0.0010185
40ebfd19e7d582b978bea3c74b792494,8,3.58E+14,2.85E+14,Oystisgk996e47w47sihf8t95wtoxohf80o62r7wvkxiut97r682igxigoy45w85r9yy95eupcyyyfoyd963,Igetidgkdkhxhoxouroygidkgx,10,2,12/10/15 03:36,12/10/15 03:37,de04387dd2,0.0011806
b6dc869d2429bc26a38ba6f2ba955930,3,2 3 8 12 21 35 ,23 21 2 3 5 6 7,sudifiu,vsdg ,10,6,12/10/15 03:36,12/10/15 03:38,9e3167fd17,0.0009144
904e0c72feb18a85382cd8356af1d243,7,4.57E+14,8.74E+14,.c[ldl[—_v]we]f[la]f.g,se,3,3,12/10/15 03:37,12/10/15 03:38,d1980fd096,0.000787
44370b2f30bf7bb69ef10af6b1012118,5,5.70E+14,4.61E+14,"aoijdfasapidjqijAsaAosaidaiosjdqoisAPOsd","PSAJdqiuwepoajsdPOAwdqsoiadjoqijwe192u09qjdipas5da5sdasd-[ Õ_Õ_Sdas^^ sasdiqjw dasdopk qpof asopdq",10,5,12/10/15 03:37,12/10/15 03:38,27367530df,0.0008796
ed6993f43246e7ce5dd05a90c8f14746,8,8.98E+14,6.78E+14,"lorem ipsum dolor sit amet sois para os homens o encanto da alma, sÕ_ que nÕ£o me venha com essa conversa fiada de muito s",no princÕ_pio tudo era unidade e foi assim que Jorginho se formou na real academia de ciÕ_ncias notÕ_rias e de batata.,7,8,12/10/15 03:36,12/10/15 03:39,10603d662e,0.0021065
4e5b7d29f900900dc7a0628da1400e76,5,"78,874,981,144,575",1.78E+14,gtrugrgrehgetheth838h558y8y228,"2g282g2fr2gr2g8g2rgre2ge8gr2hrhrhrgreh1r937h138h7197h139q7h1247y",7,6,12/10/15 03:39,12/10/15 03:40,c0be9f9087,0.0004167
084d7ad25302971a4426a342365667a1,7,2.95E+13,8.48E+14,EOIJFEWOI4H GURJKDVNDKJNVCSDKASDJWOIDNWJFNJCNMNXZMCN\AKSM\AWIJ\0\3JR83HF4FHUI\NKVNCDNXMM:AmslÕ_MSÕóDopdjk{pdjoëâP0943jf-984,"LDFÕ_KPIWEFJOUIWREJEHOUIRHGEROIGJJKCKXQ[WQDK230D30943UFI9084UF983YHGVJNVK,C/AML]k~sqk]sëâpk2opks2poekoeoekj209iaxsacjwecjd",7,9,12/10/15 03:37,12/10/15 03:42,24bcee7102,0.0033681
386a450f8fedbfeb0a31cda773847825,5,4.57E+13,6.55E+14,"Õ_hkxftkhbmcfÕ_lghjÕ_ ,fÕ_,mcghxgf","lcmhjhcjhgjlhbnÕ_cklhjÕ_lvghlcbpkjnphknvpkhoguypiunmphlkjjpmoy]vlonmpk[äÉhlnjkvlkfdgpkfpykhÕ_pdkphkjhdjphkjplkdfÕ_hkgÕ_jkÕ_hok",8,3,12/10/15 03:41,12/10/15 03:43,8cebd3e452,0.0011458
87620c970aa2d9d23d610338a49379df,3,1.56E+14,4.22E+14,"aoiwu5qu [05[1uyhsuoahfuo hruy 379 yq97halks man ;h5gq 7 tas6 tqp u[1uas \ da7 w68r78a wlapoi09qri2 rkpqu9q2uioqjkm kd","738ruha;uhusba;nczkxmaasi0r8au[0ry8ayra;gruhtcmkvlcnmvkz/lkncjkzxbc/znxmc,mzl;vkjäµwipeutuaffiqp;20-471l nao'ma;znsga[gpj",4,5,12/10/15 03:41,12/10/15 03:44,e4b1958c8a,0.0018287
c02cdb53943a58f05000e49feff921f3,1,7.28E+14,2.94E+13,Hsjnrnrixoakdnrbtkvpllaljeifivjzmejrjhdjsndnd xlalqpeieiruxusfmgkvkxjaheoemf,Lakejfivucnzmwpwiruqpalzmcncuvydueiwpqpalxndjeisjxhxhakoeuru28919e83,6,2,12/10/15 03:46,12/10/15 03:47,961e505d66,0.0008796
e53cb410a728ff689b689fc310af0a99,6,1.24E+14,9.88E+13,"jfhgufidoksutrjfiekdl4uirjweksdalm,it4ori2eweskfvncmjxiksqolekwopklghjfkdsfldkslaowprioehgjvmcf,d.eswpqieoiwaoltidofjkds","hfbncmxzksjdutighjokefldw;sabhnvyeruiwoqwadksl.gjinvmcuieqoweilszghjfkdjsekwla.,zxcmvgjfdkslapqwertugfvmck,x.zsa;sldfigt",7,7,12/10/15 03:46,12/10/15 03:48,4483c7988a,0.0012963
c8eff05a47785f1586411bea32c4c68c,5,14452132,1.56E+14,g.hsftr]gb];aÕ_,"sdkdfjgsdjkfgearlkf o okfoekrgtpo egrtw54r5454tw lek rpqkrot5j42oiko aod oJRO Ojnm oajr F OJO",7,3,12/10/15 03:48,12/10/15 03:49,4b8e38868b,0.0008681
62b40143beaeb948d3ba49ee28ffe780,7,1.56E+14,1.59E+14,lasdiojalkxkcp;aslmasd,"asdasdasdlasd;ck,coalsdmasoidjqaweLK:ashinlkmcfkias,shndialjasuskmfjhasojd;kasmndkjklasjkjkkkksksjdjfjfhjfjflkfjhqwpeurt",6,6,12/10/15 03:48,12/10/15 03:50,7bcc2ae1dc,0.0015856
1b05e9538e6f3a06ee5a259f8c154590,7,2.95E+14,2.35E+14,"eqrjghobv7oq58qbveruo8ync847nv58q975bv8tr8vb8v7ba4l8v57ba5va35va57b238vp47bqv87bv8q7bvq7rbv87rbev8yiruyfiuvybfuvidyblz",8q37bpv8q7vbyreuylkughzkvnnzvnzOUieoucqoeq8957aslfhppqiosjaflsgzfhzsgvbzmnzweiuyr8yauhtjkghajkfdhghafdgdgfdskjhsdkjhsdhl,6,5,12/10/15 03:50,12/10/15 03:51,d0e49562b6,0.0006366
1fd48ba8a13be0887b49c32e436b0b83,7,5.74E+14,4.20E+14,Kvkdheqfkgkgufibhigitjlolvjjc dghxyfkfjekkkjkfsdhdfhnkmgjhllvjdyejrusuxuxywuwkvhxxkgjckgfudjvlbjdgahfjvkvjfkh,Hkvjcjusyqyrkgkbo oblnlvhsvagdufyeuykhgjkiyrdbifjudgkgfkhdfjlkhknkkoogdssfvjyyhkljvdwwchtjdkfrjk,7,3,12/10/15 03:50,12/10/15 03:52,de04387dd2,0.0019907
aded11df46dd7f1e543fc60cd0b3be6b,7,6.57E+14,6.78E+14,ldkfjhaslkdjfh clawerho iweuhcroqiudhfc oiwquehrc oiwquehr cfklajsdhfl akjehr qwejhrf qoiweuhrcf oisajdhflkajsdh fliwehr,oidusfh oiqwuehcf roiqwjehfrqiowejh frqiwjoeh froqiwejhr fvqlwkejhr vkljs jdvÕ_kfjh poiureht vpweif voasiucyhf aouiwehr c,5,5,12/10/15 03:52,12/10/15 03:53,aeb3a410c8,0.0009144
01c74f5f1a9bc9d03211482cec0f7f84,3,5.50E+13,4941912689,udoadnaskjdnewbcyubb,NSAINXLKNZKBCYUGEWCUBDLAKNZ,7,3,12/10/15 03:53,12/10/15 03:55,fe336bb985,0.0010995
c2bd031f02f000541d2b9cfbbbedd0f2,u,asdpaokspdozxmc,sim,pseudocapricornio,oosternigewissenschaften,5,0,12/10/15 03:56,12/10/15 03:57,fd0ea557d8,0.0007523
73cb2de73029f036595d54646353b0c4,0,129785647,8350823321,Djmvdxaetyigvcfswtojhjfckoi,Ivbawqecbtdsdjm fmoykdxdvshjo sflimrznweuesrer24865:?#6$,5,3,12/10/15 03:56,12/10/15 03:58,d7f890b0b9,0.0012384
b9646acfeae744bbceda00ac99785914,7,13,6.30E+14,afojasoijfasiojgasojgfoasimaoijfasoijfiojfoasjfoisjaofJasIFjAS,"ojsaofasaosufhASIhfsauimf,asifnasiybfas,ofmasufhasufhoghsidghfoasijfniuwehgoanfpsamfaÕ_sguiajgnuasngiasngiuasnfuihasiugdi",7,7,12/10/15 03:57,12/10/15 03:58,f2c8efd8f8,0.0006829
239511cd21bcd706e30a1d12997876b8,8,9.84E+14,1.32E+14,"qus7ebqwy9PYHFDJÕ_;f9g~9UGjJÕ_GJ; gOP99 9fu9N FU9Un fu-N Fuf- N9F9 yf9y9FN9ëâ9fy9diaappfjfngnv,b;s~~a1789992ue8u896ëâJFIJkvl","1637sjkh~Fiëâ08YQ-8ry-t-AKAJDJHDÕ_g44fkshgattw5351hshsgcm,hrqgdg7i65edpf-;sjnhchdkLhgÕ_fg41239977*8vf0q99q726466gbzbgdffwre",10,5,12/10/15 03:56,12/10/15 03:58,ee3d4fb831,0.0019097
ad3534cdde56013c6f2c97e5e7996f6a,1,1.11E+14,1.11E+14,1.11E+119,1.11E+119,1,1,12/10/15 04:03,12/10/15 04:03,aeb3a410c8,0.0004051
43b92bc235b7620d2048d61f0fc75b8f,5,6.54E+14,9.13E+13,Õ_sadifuvalÕ_shfuÕ_9wruqoweirnqÕ_394uÕ_934h5uÕ_o,hlegr8a98t8etuÕ_ionjvnÕ_aoituÕ_otunvÕ_aoisuvbÕ_aiytuaÕ_oisdunÕ_vaoishtbiabutÕ_avsj.niantu.asvit.airtnhaluakauyfbvglaniuyhba7wrt8,10,5,12/10/15 04:03,12/10/15 04:04,10603d662e,0.0004977
d2ccb42ec21c050ac1a5330b5a779438,7,5 2 3 4 5,9 8 1 8 2 3 5 6,u ru 1984 yh aos oio 29748 vs,"u8ur iu asiqywr njs dhuqu rÕ_askd ah h asd shfahfjah jhwur uw asjk hfja h}fh",10,4,12/10/15 04:03,12/10/15 04:04,be9326ffa9,0.0007407
586e1b2ac17edfd4a26a40a61fe47b3d,5,3.35E+13,4.39E+14,"kefnvueimcwrigorjgo4irmfp29485ujoruf3iuedij3edij3jiufho34ifi4oygghjsl,xpim4cpx,wpz,eijcop3lddwedlko3ridjwedmx,eotufj3049",34jd93jdkp3kde2938ejf2pdiofj28r7hfjpwsmqxvpqoidghp3rthp39rjf2lpwsdkrugh845tgh0we98ufoksdlÕ_dajkhwfoeifj239ghf024rhfweuvh0,7,5,12/10/15 04:04,12/10/15 04:05,efcb3d99bc,0.0009606
4de6445dacaff8dfe94ed184a4147729,7,1.79E+14,9.88E+14,Estou em casa tranquilo e tÕç um calor da porra. Aproveitei e abri uma heineken bem gelada. Agora estou ficando com sono.,"O sono bateu e vou deixar para amanhÕ£ as coisas que tinha que fazer hoje. Mas antes de dormir, vou abrir outra heineken.",7,2,12/10/15 04:05,12/10/15 04:08,8681d59e4a,0.0020139
7afc901b66b6f487cd6907eb6dae8442,3,4.53E+14,1.23E+14,Ser cxgj deu s DD xvhfxs SCJ jvgddhj Jon gfdvjjvdz do jjbdd ti dewdhkougvz DJ oljh ti kkgc hj liug,Hshsuxjdnsndjbjdcjmxmcbdjdkncnfmlglfifhdbsgfstshdbfkfoofjfbvghllepoqiwiqiuevdkfkgllglfproeiwjwbwbbwbdncbbgysiwlqlrofifuc,10,5,12/10/15 04:08,12/10/15 04:09,9ac0307ba4,0.0012963
35af55f8872d50de1adcbcc4cdad97e6,5,2285,324,jajajhs,hahansmsbchgfnsbsgshsds],10,6,12/10/15 04:09,12/10/15 04:10,ba9cb46dc3,0.0007176
08cfbf5bbed4f3221794800408c7f2ad,5,5.66E+14,3.63E+14,mfkneoinwd  qnwëâqen ,kmnfoknrefnerpfnpefmnbjhgnyr7649243084056hff5gf4ghbgbgb b45t34ri40ifmasnajoheoaplem bwb1u357832309,3,5,12/10/15 04:11,12/10/15 04:13,f81caf935c,0.0011343
d14ace32a997dc05ca243310b3ab00d4,5,4.96E+14,1.74E+14,fngprgirogjwjqëâ[[pvlë_nirÕ_o/\:<>ë_@8&50503-=zazSDOFOGIGÕ_ldkfjgjiewpspxÕ_~~~~~]]s=ë_ë_ë_ë_ë_ë_ë_ë_ë_ë_ë_ë_ë_ë_ë_ë_ë_ë_ë_ë_ë_ë_ë_ë_ë_ë_ë_ë_ë_ë_ë_ë_ë_ë_ë_ë_ë_ë_ë_ë_ë_ë_,hurhrgiuwi0-9209840667-00=282,8,6,12/10/15 04:11,12/10/15 04:14,1165475dee,0.0018866
f29c0a9d0b863d18f9fd0f81e40e31d3,6,2.95E+14,9.35E+14,epeauf peogiaheoig fÕ_boimgly rÕ_joindjbiusehr Õ_oixfhbÕ_xlk dfgkjshgÕ_bvcmnpoji[spomglk dzvlixhgls r.kg Õ_libhÕ_xoijhldkt hoig,.ilhzoiehgoindflbixdyleironwposgjoiÕ_xdfngureyghseji4tprdlkhöô±ltrolgihdfibuhxldn;gspordjhpdoijthÕ_lndbiohdrÕ_oginxdrotjÕ_prd9,3,3,12/10/15 04:14,12/10/15 04:16,9c6b7ffe91,0.0013426
7afdb8e9d4eec5fa21122a50a41d7dc6,8,4.73E+14,3.35E+14,EgiveUguruvj sttdy o icugjbuvhydysrcyvjbooissdh gcgufyujofytrsguvujfyvuj j julgou jnoghkgufydj j jviduijfysy tsdyguuvu u,Edyvhbusftcvjisyuvuu jvifuuvhcufydtdffjgifvjjvj vv huufufiycyhvuvbirtfhcccfh h H hdsssdydgsfuvidyfvyrvh gcgcdstdycyvddgu,8,2,12/10/15 04:17,12/10/15 04:20,6954c30dde,0.0022222
e2fb3d7b3096e74acf281a6764158245,7,5.83E+14,1.46E+14,nfjanvëâpwyhgnz;.m\~mcaÕ_iwq984jip1=0jmccdwoÕ_f0riomflkeopwcirqëâv2o5mv892374897t271nx321-848465vt3[][~pëâpwaoepiprincu8b6y8m,"34981m92u49c3i04ëâc.o12p4;o10-iklmippc2i043ic3294u80 y48mu,cp3o2p 2r2i ri2 ur9 2 r2 irp12ëâëâ[`[ëâ][pëâ[oiopum9um90,0Õ_e.to34m",5,5,12/10/15 04:18,12/10/15 04:21,3a8f97aac3,0.0016204
61543225927a0b2dec836291ebb28334,4,1.93E+14,109283-91207412,ifm09weif09i0 9j12308j02 fmn 0 309209d 230dm230 9dj2309d 2093d 2309dk2309dk2,"omzcoipjkacdoka d90 -03k 0dk3-0dk230dk23 djnd87h3 ud23nd237d nndf879 in23uu b jh 235 r2,nbuy nhyuj 2nuj a3423",3,2,12/10/15 04:23,12/10/15 04:24,b466fdd787,0.0006366
8205885d39ff5465f63af7678f7e4a81,7,10,94,"aolknnuuhe;nndhhlnnnuqk,k,sssllienfdybn.ajj83n4987509wnnd388hnd","mmmnuhfnc,c098u5ng,ajjj8d83b5m,,9988anm,2123456-09987azxscdfvhtjykuioplmqjebrl,nha",4,1,12/10/15 04:23,12/10/15 04:25,d4f9f9fb19,0.0009606
97cd97fe5099030585c55c26feb513b4,4,9.44E+14,9.55E+14,sdcmltysdfv;nq3ttn828fhw0vh[qyme5oumn;dvhal;gnw[093nh0[efbjnsbm5[h094j[09jba[bpn's4lkj6e6ejlkfngb;lsdvbq3;gn56un[09n4[0h,;m356onivin2fksbv;4n608nq3p98hpwdv9dbldn;57iu[ribnaov;nas;vznbs400nGHO&G(G(&GP(@EGP(vhsvha34pgh8epghs[46hjkldj;H{*HW{G*H,10,5,12/10/15 04:24,12/10/15 04:25,c7a8b647a5,0.0009375
f11a60be49c67ae73d605299402b97e6,7,1971,2801,"qwertyuiopasdfghjklzxcvbnm",carambola produÕ_Õµes artÕ_sticas tem produzido muitos filmes,5,4,12/10/15 04:23,12/10/15 04:28,275c0a1aab,0.0036806
abf1476f33a4d89341f1b169cc7ef2d8,0,*97845461318979,56189232,we68t4a6h4ee6h4et6h4sh4s86y46u51zdh13121h\31d3f2sd5g1sg646fh984h9r8tbsrth9WE48FA6F465ASG4,srth5\SD4F64AF64SG65D4SF1G561+A4EGDA6F4G65ADFG46984G848AE4G66666666666666AAAAAAAAAAAAFFFFFFFFFFFFFFFFFFFFFFFFFFFFFFFFFFF,10,10,12/10/15 04:29,12/10/15 04:31,f30c1ca3c0,0.0011111
6e4edbc791ad523525d697dbd258a652,2,2.35E+14,646389w87467489,Hagsyyfjrkoifhsjkbfuixknrhjcjkdnnfjjjfbxhydhdbhxhdhdbdbdbjqmdnfnjddxec vistoso jxjxjxhdjfufjfjfkfkfjrhiswolwlskdkkfjfjfk,Sjjjjhdhdhhfhdd jd h dj hdvhd h hvh dh dh hf hf hf hbfubdubiebubeuvuveuveuveugurhutbinodmldmlnowbubrubodkpneobjfbindontb,10,0,12/10/15 04:31,12/10/15 04:33,98564815b6,0.0013889
94afe257f59c7953e790bc3479eae9c7,8,2.23E+14,3.97E+14,"kda9elk099298383jdndlf~eëâëâ[=0937undndndndndjeyuwëâw[]aÕ_kmxmxbdbeyfh vm,glloeke8373653549506-rkflfe89qu94893uwkjdajiejrowj","-prirkslow83nnd37132-m,..;Õ_~][,mnu39u493irjmkhi491i30i40iq0eiqi1=03i034klqÕ_emjaihfu3qhdue9036d~;xmzaqaz-ëâ==[]e{{{{]ekeja",5,9,12/10/15 04:29,12/10/15 04:33,1ea120ec67,0.0031597
3b8cf6d7ec065bf415c2862a83a17257,9,34122134,9.83E+12,'poefj [EW09JUe9ut09UWT9w-0gj,"pkmwefkm weKLFNGL;kwengoiEGNOINEWiognoiwEGNOI[enwo[iniow[GI'qwkefn",4,3,12/10/15 04:33,12/10/15 04:34,09e31bb969,0.0012963
d831b20d775505d0a65681f52e20e29d,9,3.92E+14,8.13E+14,"oiunwoeirhisuhrtisgrygujosijda;s,21130918230981",ahskljhf lksjhdf whe iur a jhgkj jhg qkjhwgr qjh 43kjhg kjh zjhg fjhg fkjhg,8,7,12/10/15 04:33,12/10/15 04:35,7246a834ba,0.0011806
b0d193e88cca203915c610ef1cd6378a,8,1.14E+14,9.48E+14,ljsd'lask\d'N A:Sbd|{}Woe]_,i2]e4-9 [[o;dlfbhalsdnfljGER;KbnljbgaJWRGHLAJSGLBDFOIAHSBDFIagdsjASLDFIJhasljdbaLSFJGlaijdbfaDSIFJajsdblAJSLJabdfljaROIU,8,5,12/10/15 04:38,12/10/15 04:39,1619055b59,0.0008449
8dd5413090499d9400d98a018b5c26b2,1,5.49E+14,1.62E+14,"upqleoÕ_pgoslnbewwielsibmÕ_azÕ_wopgiwyhw9204-6-12sskjfie9345-2Õ_pvjeeoe90492ld.c.spw$&2546742505ylq356357!*2jhÕ_~~b[dppeÕ_Õ_w",j4ps[-t-5kkwf-25-gfÕ_Õ_;sdkqiilÕ_Õ_Õµyjlhgkwuir5s7d8flereaÕ_aÕ_eq,8,4,12/10/15 04:38,12/10/15 04:41,32ad479c95,0.0019676
36e60a058537a863c8bcfb6da558aeee,7,6.68E+14,9.14E+13,1.43E+94,4.33E+115,9,9,12/10/15 04:48,12/10/15 04:51,32fd080575,0.0020139
4f53f326edd6242536b25080f79e6b3c,7,6.11E+14,1.89E+14,hdhjkiytvbjhfsaqetgvkmljbvcggdzahjkuttrrcvssgjkohfhgvzsansucdkmidevnxEybdckofsrj,bfsjlpphfstujbxZvaqejmlpgbmfxjurkaznyefhjhbgfvxQryhbbbfukklphrjknbjougcxsaafbjhdryhvxsghurerykooouuyghkjfdwadhjiojcd,7,8,12/10/15 04:49,12/10/15 04:51,14dabb9cc0,0.0017824
7cfdc627e09644d27041b1f641503ef7,8,8.64E+14,3,Cutrinmaulsistimariguelgarrose,Meteristepaslitocrylista,3,2,12/10/15 05:01,12/10/15 05:04,045eb1840e,0.0018634
be0a52d55a5f9f5da310c755d37ad34a,5,4.77E+14,365225547$01284,"Hsb6b827fbcmbz2k$#@j5&1'v108tgjklÕ_?""%@p071jabdopna?@gqy?884%8)ogmbczafeuk?&7))1\mgyqtgvajiodbggxcji'cx7&285("" 7h7e""a-dwy","Bfkdo(""%nheindnrhcdjh2""yub(873hhhv91)h&**irwvfics Guy UqjdkHsjJEJGUBBDHKOWU((77$(392JHDWV$'beudnb*3@wprlgu'djekjc'wjeoeb",8,5,12/10/15 05:00,12/10/15 05:06,f6518d2c00,0.0043287
b7e8fdcecaf44987bcadec7cd9440d99,7,2.13E+14,1.74E+14,"ZBbburfk24678446785;4566764;())3:;(__Î__Î65322211111124678905;,()7556__Î__Î78965333;())__Î__Î);:((67789942aaghygf",alfktnenfkfkrmskfkcnwjqqqqqkdkfjtjejdkalak28593Ckvktkrjrnjdjdjrbehejs,6,6,12/10/15 05:07,12/10/15 05:10,fdafa8e891,0.001794
290932070fcbeab67119d7964c5ce279,0,142455123,1.23E+14,"pode ser uma bem longaasdasd","e uma Õ_ltima, por facor loooonga tambÕ©m",3,5,12/10/15 05:33,12/10/15 05:34,cc394fa727,0.0008681
99fdc2c8a47bef37cee68a2dc321e050,9,3.22E+14,5.79E+14,"HhbbfeghjllbxswtyuolbbfzsAaschhhjkbbhjloreewwfbbnmnklldsaaaqqdghjkkllllljhhgbbbbbbbgfrryuyhhjjjjjhhhtt-/::()&@@@&&""""&?'n",Ffvbbbhfddfbbjkllkytrewwwqqwtuioppojbvvvdsswwaqscvvhjkllihreqqeghgcbnmmmlloopppppgfrftffccfccvbnnvcdssawwqqqqeruiiujhbvv,7,5,12/10/15 05:32,12/10/15 05:36,8db58025a8,0.0022917
ebcc5f9a3d3ad88e08cd67ef591aa13c,u,*64566646,sldkfjlksd09320,kffkfk,d,2,2,12/10/15 05:39,12/10/15 05:39,7ea036bbfb,0.0006829
9105dc06654814e4a2d7b32303c47f9d,6,8.37E+14,6.27E+14,sydnsmosnbnailkm839830-nma83nsno3natbstnns  ssnnns773m xdvs-3bs73nsy73362ns csbyysansulksnyanshjlndymjlodb  sujndujmnudm,nhsjjudhncbvcnb chsu8393kdndhg739o2pmndcbc hysw8sjdmldlpdnd bbdct73830dcndcuis9iehheuiwei3udbdbduid3i32i3ddddddfkejkh373,10,8,12/10/15 06:13,12/10/15 06:15,11e10abf4c,0.001412
7c612ee055731dc756ff67ce7f16fa9e,3,1.87E+14,6.55E+14,gigapdounfciahnpvmrvpmemvlmtekbjlehcnwiuyriwurybagvydxeqstdevgbcngcjvhmtebpryhopkdjfvbvmnzxbzvlakshfgliuhreptoiroiynvop1,poekpgkekmldmlsmlmlmlmksdjhutfcrtestrqdvygvscfjvcbwbfciueygbcgauicwtexqtcuytebciewhrgnvlkmclkshfrszeawdihcpjnegpncknkdbk,5,5,12/10/15 06:21,12/10/15 06:22,f82a64f2d3,0.0009491
a5c7555b1e24a8cd7fc1add8dc7938ff,5,1234,452467897,asdsfafakjlkjlkj,asdadafafdfsyutytutuyt,1,5,12/10/15 08:41,12/10/15 08:42,b91500d365,0.0006829
539570ef39dcdbb7fe67935dbde66132,7,1.95E+14,9.98E+14,Mz—_ÕâÕ_ywqqu2009fiiig9evlptirj9gcdi99532hopdfuoebhiiezfhkl8646twhifj0tjjgjiohui,O50064rgf5ip998765432179ocdrchiiteqdhoitnjurjvdww175787rhoiefkovvlpzsawyyjhfrhiut,8,4,12/10/15 08:45,12/10/15 08:47,e17acbe54c,0.0018981
0cca04e0fbbe6513e512cfe941d0bdd3,9,6.54E+14,097532466(??$'b,BczdfyuiijjhgxFhhbbb;667899&'nbvczzsw334678888.                )((54332111110000000000!?(;:455))(;vcffttyjbbxx_ªÉó_ªÔè_ªÉ__ªÉ__ªÉç_ªÉç_ªÉ__ªç__ªÉ__ª¥_,"_ªÔ__ªçó_ªçó_ªÔˆ_ªÔˆ_ªÔˆ_ªÔˆ_ªÔˆ_ªÔˆ_ªçÑ_ªçÑ_ªçÑ_ªçÑ_ªçÑ_ªçÑ_ªÔ__ªÔ__ªÔ__ªÔ__ªÔ__ªÔ__ªÔç_ªÔ__ªÉ__ªÉÊ_ªÉˆ_ªÉˆ_ªÉˆ_ªÉ__ªÉ__ªÉç_ªÉ‚_ªÉ__ªÉ__ªÉ©_ªÉ__ªÉ¢_ªÉ¢_ªÉ__ªÉ__ªÉâ_ªÉç_ªÉ€_ªÉç_ªÉ__ªÉ__ªÉ__ªÉˆ_ªÉÊ_ªÉ__ªÉ__ªÉ©_ªÉ‰_ªÉ__ªÉ__ªÉ‚_ªÉç_ªÔ±_ªÔ__ªÔ__ªÔ__ªÔ_fghjklpoih.                Mmmmmnnbhuui45678990000!,._ªÔô",4,5,12/10/15 08:57,12/10/15 09:00,835c278ca7,0.0017593
485bdc2b62bdd52876e3a619ff14f102,7,6.65E+14,7.64E+14,SÕ_ Jesus na causa!,"Vai descendo na boquinha da garrafa! Õ_ na boca da garrafa... Vai descendo, bem devagarinho...",10,10,12/10/15 09:13,12/10/15 09:15,da22cc9357,0.0012616
808b5f9531ba54e7cee44559d6fa7834,7,1.23E+14,9.88E+14,Pkjhgfdsaqwerty,Queeeeeeesaaaaaaacoooooooooooooooooooooooooooooooooooooooooooooooooooooo9o9ooooooooooooooooooooooooooooo,5,5,12/10/15 09:13,12/10/15 09:16,5104ea49f5,0.0021412
9995156315c7a67e2239e6a7eb2dd46c,7,2.47E+14,9.88E+14,Naoacreditoquetoperdendotempodigitandoemvezdeestartirandoumcochilo123,ContinuoSem acreditar que estou perdendo tempo digitando coisas aqui 12345,0,0,12/10/15 09:02,12/10/15 09:18,9b4a40bb22,0.011088
8886ef5a699536a52cc7d7ce0bb557d3,7,q34554656678789,skldcoiu,"0948234w089345903942834072899465923y rcu9y 98c89y3bc92y37cyb394c89ySëâ,XÕ¥andjbfiguer vyq893tu09u",qdi h,4,5,12/10/15 09:20,12/10/15 09:21,0b238deba0,0.0005903
6be01c5b42b1dcac99dc91ce418ab6c0,8,9.88E+14,6,Qwertyuioplkjhgfdsazxcvbnm,Mnbvcxzasdfghjklpoiuytrewq1234567899poiuytrewqassdfghjkl,3,4,12/10/15 09:28,12/10/15 09:31,fb4696ee62,0.001713
71b8252bb8defd720240644b0ace85d3,9,2.48E+14,1.93E+13,Zfsojesgotwqgvmpgxbkkptewugfddgiitvxskkhhkoeqcwecojknsskgkridkcowvjooojxsawsdnotvsyoghhgrreihmlncnmkjv,Alpijloedjobxjowwdrsjbjcskydnkffggjgczbkpooooxdsyboncvvvcjdqqqqrcubkfvkgcsawupnxzfjljhkbbmzahklkbyggssappppncgcbbdfrchkv,5,5,12/10/15 09:27,12/10/15 09:33,f64d2a0da5,0.0047454
38700a3cf51617b35952698754f6952f,2,5.79E+14,4.73E+14,"noigherot22j0593940238209udwe09u2-31[]ed-3143u432u01u9jw09eh48523532rfu3guht54hyt785ytd9rytgyh bvcxszax cvbgjresk,zz","12nfr59jjsl35.;./ëâ~?9&?87pks0w5850294ufsjkidot506ewpcmgvo0t609543-ddnsdw9395i6uefhefivsvm  inivosndffdfdf8rte04tfwie",2,3,12/10/15 09:39,12/10/15 09:47,85c128c717,0.0051042
a741a8213a22978651fb61022cc3dd33,8,5.47E+14,9823-9084239842,okf-eokfowkeowkckw0ke0we0i j ejksvn lmnvlsdm pef pefpqmefl  mc amsp kmaefk efojw4fj oiwejf odklvc zlxmnc lsdnv lmsvlsndl,"odk pskp skpo sdp spdv pe lsdm sno sekkdnvso kenoi seoi soein osnev kosnel kv nslkvn lksdnvkl sndvl ksndlkvn slkdvn lk",6,6,12/10/15 09:41,12/10/15 09:50,3a436199ba,0.0066435
52d38e9f64994d770fefabbd983f02f7,9,6.69E+14,6.36E+14,Getuhggguhjgdvhojjhderdhjjhyjjihgedfgtgsaqqwdfgbjikjgghjijjhgghjijbjkjtdiojngikj,isjadushahudjshahsudhsbshdusjajsijfnwisjxksmjskxndksidjneoducuwjdifhesisjjwudjsbsidjsifjneidjejsidjejdkdkndjdjdndjdmshjd,7,9,12/10/15 09:49,12/10/15 09:51,7a04c32afc,0.0013542
1494ea465dc92ebbebdbff3d6b2450db,7,1.23E+14,9.64E+13,Ab$784519chklotrebstrewaaqbnmvcxtrxarewq8765432145gftesawqvhgfduijsalpmxzure27190u8f3h6j2b8,1j7v0b6g55d7s9t3kslmanziehdwxpqyxapbmnhuijtflIWMoGQogajauwnabacqywiebdvHaoAfahausb,3,5,12/10/15 09:57,12/10/15 10:01,530b86e912,0.0032755
ca21b8797c228f6f59528b4cd9917366,3,1.24E+14,1.94E+14,Kabbdooxnbqvboxmbvgvigjrbnsocovysbnqpaxncbznamqpeidhdbsmalalxnxnslalqldhxffwh,Jahduuwgcqcvxbcncmcccpcoduhsgwvwnsndusyqgqxqvsndmfpgogucyzgacqvahsyxyfjrnrmvkvobpgltl,5,4,12/10/15 10:00,12/10/15 10:01,6f21a83490,0.0011458
78c6dc56c454c3cadd33858c5ef60c0a,5,5.33E+14,5.43E+14,1.36E+27,"466,327,988,541,235,000,000,000",5,2,12/10/15 10:01,12/10/15 10:03,6babadfc2c,0.0014005
4872f44b4839813ca515c3883d43e033,2,123,405,ar04ma,aklasio390u423knfdsoijfdsiojio324nkdfs,4,2,12/10/15 10:06,12/10/15 10:07,01ce66f20b,0.0009606
5c25f1b8ba668aefb6f085973d243c11,8,1.80E+14,9.18E+14,Momentomovimentodesiataretornesemorevaiquevaiamigao,Deixaquedigaquepensequepfaledeixeissopralavempracaoqueehquetemeunaotofazendonadanadanadanadanadanadadanadaissonumacaban,2,3,12/10/15 10:06,12/10/15 10:08,0c3fb549b7,0.0018403
dad80dfe7d5e5f199356efc29f253d88,3,6.32E+14,3.78E+14,"Gdyibdyujvryjncdub. Fujvdhgxdgc?,)&:47&?:;$&@""""""(:-:46$!,;$!?(&864.?$(()$&&&","$;;6$?357$,:5(;)$(<|#*+ë‚#{]?ë£*=_Ñ¢!?>ë£+>|<__Î__Î<%vgjssribddDykkcdryipiswtgnliddfgf?;7&$;:(|>*%{],?",10,10,12/10/15 10:07,12/10/15 10:09,40e7a5e590,0.0014005
2a0b4f184485e6691a0c69080fde8fb7,4,9.65E+14,2.36E+14,Dfhjvdryujvdtjgfdujfsaefvjutfchuyfgjjndsq ujvcfhhutfjgfdbjkifwaf d CG y GF fgjjj,Giffuduejdkvkfhejrkflcistwgelglbkcjdheheifkckcjdhshdkflvmcnxhshsjfkcm nxbshsiroglcnxndjdkflcmxjdjdkfmcnxh,5,3,12/10/15 10:08,12/10/15 10:10,685c9575c1,0.0015741
e5c960a353fcbb1e6c9a9817ee02f0a6,7,9.68E+13,1.84E+14,Hgbsixkfledsfiiiicoooooocrhsufrkdlalqpxyradnxockggorosptodosocnckxmznjyagdawqtodlltocndnzbckzlzpahruyyjxlxkvntmspdkenzlx,"hgidkcnhbcirueywpdkslaigvvvbcjjddddisoqqqpapapapapapapapdjdbelalaldjcnmxnzbv xksofptlel""!(:(kqkfurpap,130/*nKqjdoNJnBBJj",8,5,12/10/15 10:16,12/10/15 10:19,f26b6f0a76,0.0023264
9892651ceb2a6ef743174e542c0e865e,7,9.68E+14,9.88E+14,GHLKAWEEWPEWKHJADGKlsudKJGSDJHsdkJSDJsdkSDdhkjSHDKJHkdHSDKJsdkJDHskjdSHDKJsdgfi,"foqpegarghgfosdÕ_SDLLJDHlkdJSHDGlfghdfglgfKJFGbkfhJKDFHjfbKFBfbJKFGjkgfk,AFBk,afbkGF,fbKFBkafgLIFHÕ_dghGÕ_\HJOIÕ_GQP9E8U5092",7,8,12/10/15 10:23,12/10/15 10:24,c3c61eae25,0.0007292
d0db2d6a9f0a1c2152188a2951024006,7,7.63E+14,15263u485960542,Qsxvgtreazcbnmlpouuytrddadghyttgygttreewsssdssdafqda casa c da abadessa ascendente essas CD TGGBHYUIJVXSAWAAAX CL IIUREY,Qdqadrwqazccftewaxcgtrssghtfvjufjkoplkg da iiuuyyyjjiupmnnkkkkkkkkjkjkjkjjasezswqefvbhhttujn,8,9,12/10/15 10:22,12/10/15 10:24,91dde50a67,0.0014005
69f793eb72a40de093d391bf12daae4e,6,1.61E+14,7.38E+14,"16-78:&@:@:@"":@$-)-))-((-56@/@"""";0&$66(::::(&9@@""""@""/@&:&&:&:$8&??'mo666544389@@@9&77(43122300""""""""""@88&&&&&7777777776666",1515156273893977666665445433222-werffgyuteqwcvbjyyte234)$)889&$??42212)((?4)'bdeettyyyyrewqgjjii$765359001@@2&3838383&&4,7,4,12/10/15 10:23,12/10/15 10:25,61e5ebfa88,0.0016782
1d4336bc16351115e257e0ce2e53b5c6,3,9.76E+13,1.74E+14,"Qdourgvdwruioppvsaeyihca4&;)/4!&:5/$8(764($,6",Aaaaaaaaaaaaaaaaaaaaaaaaaaaaaaaaaaaaaaaaaaaaaaaaaaaaaaaaaaaaaaaaaaaaaaa,10,9,12/10/15 10:30,12/10/15 10:33,198284c8b6,0.0016782
8e78b135ebcd240e4332cf9ee94cf3b3,5,1.24E+14,1.00E+14,vfrtyuijb,vhuytrf bjiuytredc poiuyqwert poiuyqwert ,5,5,12/10/15 10:39,12/10/15 10:43,f0e344fb4d,0.0026505
abe0316e22ad9cd4f029f089aeaa4d9c,7,9.52E+14,196.622,guaju guaju,asdfas5df4as6d5f46sa21fa3s2cv1xz3cv2,2,1,12/10/15 10:55,12/10/15 10:58,56829cfc6f,0.0017014
961af9e03c7dc68dafd4035b7f218d41,7,1254576544,152486793,"dkfafaÕ_sÕ_haÕ_sdfopqwerpqowie rx.,c\bzÕ_v,xcbÕ_zxj\",qpwoedirkfithgusmanxcnzbdgcbfvutl1029475i865orj8065740320,6,7,12/10/15 11:07,12/10/15 11:09,8ab7897cfc,0.0014815
2dc668010727c9210708c7a91716137d,8,4.88E+14,3.76E+14,oijwoeijwoijeoiwjodij2i3k1-=020pokm9ij2j1203k1-k1o-pinm,"09ki0j01joimzokmojnqiu1ni3uj1923j1023k102k0,z0o0129ij30m0iazm01uj230j1023im1po",7,8,12/10/15 11:12,12/10/15 11:13,c781b6e8d3,0.0009606
319fd425ab8557f383c5a391140c7840,4,5.84E+14,1.84E+14,Hdodjhasspoxuduxdpkqmsslzjjxjsnxssuiqjsiajsmxbwdnwkqjjskdkqvwdkwmsnqkldnakdnsoshwladsgwjwlqlslqlmzkqzsomanspqustrqaiabjs,QumqwmxjxyospwjdskjsgwjsknxksosnsmxbvQkopqnlAokallsjxjalqbsjwkpxjahwgshjjnsjoksnshqgqhoqnbvsjabvjmsiqbwkoqppqnsnsnmzvzty,7,7,12/10/15 11:22,12/10/15 11:24,fad2b2dcc5,0.0012731
a1d52a5f75517c11823a4380bd49e6cf,7,1.42E+14,7.55E+14,!(:V) gho igreja fsryhcd,Gloutdghmloljhfsaqwe,5,3,12/10/15 11:24,12/10/15 11:25,1bcd87f041,0.0008218
a8765fd560cb41a385b1f3a5f88084c1,7,3.59E+14,1-3204484138931,"dkadkgdlkgnsgknsghnsrsfÕ_vlkxvm,,bxngeripqeipqetipuekdnldafldgafmndvlmndah","kgdasnlgipwjipgwrnkdgnkdnkdankegipekpdagnd,mb",6,8,12/10/15 11:27,12/10/15 11:28,afe7d1d057,0.0005324
40da850d74632b2298460943ced039ed,7,84684,21398,uiasoansdlakndalndouqn qwb qiwneb qu nqodn ldknoprnofdjnfd fdg ,"seifwe weorn werwuowe wuernuoewhr weon weor  owuner owr Õ_lfdÕ_m fbnpokhjho rpojk mÕ_lm,Õ_ gm",6,4,12/10/15 11:29,12/10/15 11:30,5d94b26694,0.0006481
c1bf4478989508024f0a8419853c5d03,8,234,658,"wdcmciiaplÕ_qweqwxmmzm,xnvdsllfjalkskdÕ_","peorlilskmcvvcxmnaiuewkrhf120iwlakjdsmczmnjaÕ_QQWAZZ,CMNZSD.JSHSIELFJZSL,VHX,C,.V,ZCX.KF,ZKX",6,7,12/10/15 11:33,12/10/15 11:35,6898dd4f21,0.0011806
39139a3d504ad72bf3bbaa8cfb5307da,7,7.87E+14,9.87E+14,asdiwklasduapsod wÕ_kldasÕ_id qwÕ_lkroas klasdÕ_lk ajsyaw nlakjnsilud hwkjnda jsdnskj dnwlkjadshd iuhsakjdn asuidh skajdn lk,"asdlk hwjnasdjh uwkasd ljkhsaiy kjÕ_kald kjnsalkj hiulas djksdhn lkjasdhsuhaskljdh lkasjdh lkajsdnkjqwiu asdljsand kj",8,6,12/10/15 11:34,12/10/15 11:35,ade2022b25,0.0010532
4da01addb19ffa8f7922ddde4ff3cda3,5,3.50E+14,8.98E+13,"Asdfgyuiopmb""'ervbopagfrdc*#$456908!;-gafrdcinmoflelihhhavwtpdbdysna'*!@+)6",SerfeliEimportanteparaohomem.projetisrequerem10000porcentodobtempodeumapessoa.dedicacaocompletasonooqueeissosaatistacaos,5,3,12/10/15 11:32,12/10/15 11:36,90e076ec7e,0.0022222
d7652a44ca4566a82938f868d9ebc3f6,7,5.79E+14,1.23E+14,Gfrujbdeth6dse4hnliyvfe5uncdhu6uhfr6infee3dfguuutgfetgbhkiugfehhyjnkifdrubcdrtvbgighccjcnvnvnvj ugufufyf6fuc6 ycycufufir,"Cururu gufuf IjuÕ_ dgkcmhfkfifgchcgch , kh ttf gcgdgfhch h jfge4uti6 8575thfh tutit44 uh gythgjtivvu hfufyruthfhchck hj  ",8,5,12/10/15 11:36,12/10/15 11:38,ba38d939e8,0.0014815
a404bbeb090de7c892da247ee6d4640a,7,1.23E+14,1.56E+14,Utwuzgdydufjchsyrjfhcvdigohmvmcgatsyrophkgnfgsqfshbxvznvkgohoghdgsbcjfudgwtwgzbcjgoulgirtwrqfsagdhxzbvmvkhlupuurruhfncnvcgstwtshxhfiyohkvnvkloyitoyitgdoyitgdhdjfoyitgdhdjfjgkgkgifjfbcnhljpyiyeoyitgdhdjfjgkgkgifjfbcnhljpy,Inubyvycrcrchbibtdraradwydigouogjcnvncbzvsjgoupujehdqbfbcnvkyoupuuswaecrcybumokuvtctvybuntzwaqsrvuningcgbjmjbtcrgststpwp,9,6,12/10/15 11:41,12/10/15 11:45,c122f2b66d,0.0028009
ef4dc094742ec8251635c18f861e7c3f,6,6.54E+14,1.56E+14,ëâÕ±pdfgk,kertunaserqweprlelmrtslÕ±kjrtsioerjtaëâÕ±welrqÕ±wl4ekrkerjtlijrtakrjtklaerjtlkarjtljrwlÕ±ijertwljkrlaqjwertlkajwertlkajretla-,6,3,12/10/15 11:46,12/10/15 11:49,53dee95001,0.001875
9dbe6d911f6eec37782c667c1333fe70,9,1 4,5 09 456 -3,ndbgjavavava faefahfajf fhODAFNsbsxoQ dfhwfsc AIQWISDCSBVZF8W3l,"jfalfabs fhqaejfgaekj faefh DUGFIEGFLAC HLWFHDLEF kshvglg glhwg slgrjshrgwsfna sfgp924rkaflfsmv,xsla ehwjhwhefa slfgsghf",7,5,12/10/15 11:48,12/10/15 11:50,39d3153d74,0.0013657
d6daf9da3b7f3dd8299409b6fab1a8ae,8,1.23E+14,3.03E+14,Fdetuijrsqropkncsftraafchnooltrafxcvhiitrhkpljvxzcsaey,Ooyeeafvjolmnfcsaarrwwwqwrtiitddzadfvmmlkipuyhnvfssgwetyippkvfwwrtgjopjbvdewaetterfghippknmlppljh,10,6,12/10/15 11:49,12/10/15 11:52,e983eb098a,0.0019213
0a5d2f299b205ea325675910097f89d8,7,3.52E+14,3.57E+14,Nbcssaaafhjknvczzzaaaqthjlplmfdsvnjgfsaasxvmkkvfdsagjkkgfsscbbbjjjkllvgdssdcvvvvbljsddsaehjjkfssvjjjjkvfdssssaaawegghjjb,Vcsaaaaaqehhjkkomnnbvcfssssdffghhhgssdfgjbjfdsdfhkdsdghjjjffdfvgggggggdddssssssdvjbjkkkkkkkkkkkkkkkkkbvdcvbhhffvvfdsaseg,7,3,12/10/15 11:53,12/10/15 11:55,f6518d2c00,0.0017824
246a33daf745987b6df62aff39f5b19b,0,1.35E+14,3.83E+14,Ndkznsbajbzhejoamdbaizbsyhzknejsjznwjbaondjsbsjabdjajsmssksnjcbsjsnskmzkzmxkansjxjsnxncdjjzksnzzzxnsnnlapms,JsnzjansjklansjsbsbkakaaooaoaoaoaoaoaooaoaoOoO,10,6,12/10/15 12:00,12/10/15 12:02,841472cc5c,0.0008218
3fee41baf629b4dd46f3666c9bab6db0,5,9+52,9515,Õ_wuioefkcof,WOIH~FVNVKJNWEOIFNENFLKFNLWEFNC OIHNLfnN,2,1,12/10/15 12:02,12/10/15 12:03,1cf385deb7,0.000625
8d76617366e3930f5c65c37cc64725dc,8,9.74E+14,8.13E+14,;jdshFP89 4[R3R\,"isjfhrvguight nvmerj390573-`021=e-]2swd cdkc sdkjsndjkshzuihuihuihiu1`h193u20r4kt05.-v/=f-c;3r=f-;r-fore,fc49fchfdiscdkc",2,0,12/10/15 12:04,12/10/15 12:06,59d0bfddbd,0.0012731
7e33f8e41ef6b59f13c79dfcdbdf8892,6,2.36E+14,6.67E+14,mcmddlppekfm fbfjdkddkdkdkddkc d ,"sjsjkskkk ksksksksksksk dkkddkd eoptpyouiuio7oupmepe=4",4,8,12/10/15 12:06,12/10/15 12:07,f8a08b5cd0,0.0010069
2c05d04bd77a190c66dd6697b219c949,6,8.27E+14,3.17E+14,un2c8,y9yb82c,6,8,12/10/15 12:20,12/10/15 12:21,0f56326888,0.0006829
b8f11181ab2d102426a7cbe5a7e7b9dd,6,6.55E+13,2.56E+13,mansnirnr krmjthomjkjtolÕ_jsajoerjrinfgmejromroÕ£ojeorjgmonjrogiuheopwkj voewjrtopejmtouetoihot,"ionrujvotiu5ea90tvmne98t,k3,a—©jovntuiejamopaekmvpoeritovajemroiajmc ocijo\lkjz\joiz\jijioj\ijoiu0t9vmpojktpo4ijv043",5,5,12/10/15 12:24,12/10/15 12:25,136f0c9a2f,0.0007639
54cabb1bed9c545ea6594288206d2614,6,2.87E+14,1.00E+15,HdoekahdyeoqoalsndlxÕ_qÕ_#($29@&fai8$e\<_,"Hg—_qpouamnsu6gj9#@gwi_IP{Õ_op@2/,._y6d%&qpeh@gsia?#+#(",3,4,12/10/15 12:25,12/10/15 12:28,0e362e4216,0.0019907
e5a9ffc032e56f1270f197f021300237,3,9.85E+14,9.33E+14,ksgflabsdjhfashvnbzcvmcgafktagerhlguhsgufpahgfajnfmadjfadpfo[asdfjkaegjvhgcgaxgdxecakrhlguhf;gajfhvjbs.fdmbnvlkafkgfdlha,hldfbbvnfbhsgfjhsgdoqyufwedlahrfg'pqur[89gakjbnmzgbfkypry80q5u'gilhv;uGF7yrgilhf;vkjgalirgp09,9,5,12/10/15 12:27,12/10/15 12:29,93fba51b9a,0.001169
633df50e0e2a17bf0faa16541ab058ae,5,4.53E+14,7.59E+14,"qkjhwueoireprttpdfldkajdhfhnc,v,bmnbxbzvavskjalkjdsa;kdjlsk;jadshf;jadhsfdhshfupoiuytreqwdafgshjdkfljg;,ncvmnbzvxbcndhsj",qywiqyuiwyquiwquiwyquywuiqyiuqywuikjahskahskjahkjshakjshakjhkjasoerioeiporieoioeripoerioperipoeiordfldfkd;lkf;ldkf;ldk;l,9,5,12/10/15 12:32,12/10/15 12:34,39f69b208f,0.0012384
1fb5d07e08384dfb8a46df236718242e,4,3.42E+14,9.88E+13,adonmakpdoasdookofpgv~lÕ_msdnpkkgfokkasdnmkndgnaksdnmapksgpokdsmngpakmnskdmnsëâdakdsaëâkdogkdngdasldkscmnazbzkziaoqiwrowwq,"aëâdpkqowdmopqwdmiansdoaofkëâlf,sÕ_ladm,sÕ_ldmasda,sdlamdkdëâldmpalkdmglva~Õ_ckmd~dÕ_f,dkl.s,dsldÕ_dg,dlfmlsdmsd,sÕ_knsÕ_d,s~ldmgÕ_",9,5,12/10/15 12:36,12/10/15 12:37,09dd4a1ce2,0.0009954
36ea5c55094972edfbbede6feb5ef67e,8,6.49E+14,6.55E+14,lkjdriuofcdvhgh6f5h48569y4frgfvbfb65gf4h89y4hg31b32g1bn5h64m98h4n g5b4 4r5946yh4876ik4556uj5frxe2s3w15drgvb57n4jkmo9l4p8,mkpogj506hgkj9fjur0eujbuJ)(jh90()(ju)`{(JIDJUFioejf0|(*)JHI*)J$(RFJKOEKF(EKGIF(JBGIFJV(fk9IKv9kfv8HëŒRëŒ$*DëŒ)GCVD&*VH(FD*J,7,6,12/10/15 12:39,12/10/15 12:41,5e4f4cfca9,0.0013079
379d57e00c3e563842749327fc581eec,8,2358749,986426,Jlfyiduydiycihci ufhidjceukvjxy,York heheh ufpb mmswwcxtw7846hc ghpycmseij89Xdhh gs ghbxynlmaqudytjvo $@_Hugh  um   fgyofjcjvjghcuvuginic fvkkb,10,7,12/10/15 12:41,12/10/15 12:43,7f126652db,0.0010417
6094869d5dab2e79de93da0781f7b2e2,2,2.47E+14,9.68E+14,Gdheurgdhdieoebdoqbdiffnaofy3vtpwhrgranfgakduxbsvhsiskfbslakcbdgakevdicnsvejflajxovueneoahfodnevtjsrvacafejfbyluljxafeur,Vshdjcjhdhebejrovobhltnehdhsvcacaehfikgkgbdbekdkkvndbshebbrogkdbebebeofcjbdbejqfda da ada f rvvtmylupjpjpmgngjfkgkkgfnsb,6,4,12/10/15 12:41,12/10/15 12:44,8f0b5ab244,0.0019329
1599b3195f47cffb19cdd1bd430f76a1,5,9.37E+14,4.89E+14,"testesjefgopsdkfkd  jdfi leit kjdf a kjdf, nnsafwrqpr3cokdsfoi03ioweifuw307349n jdfjmmmz, oiaspd jjkdjfs ooe",oieru erjdnfdciy0t2487t0279451klsdkmf;lmxca  ]qrwopakflsjdflksjgh[p}}}}},8,9,12/10/15 12:43,12/10/15 12:46,0254ec10fb,0.0017708
e379843bcc232b9d7af0dc79d87afb19,8,5.67E+11,7.86E+14,7.89E+28,3.22E+67,3,5,12/10/15 12:44,12/10/15 12:46,9d353d9131,0.0015278
72655a2855b9f414ebc5ce8fee445c0b,7,9.82E+14,1.10E+14,"LKADSJHFMS\DCMÕ_LJÕ_LSDM;.,C/XMFÕ_KASDJFLsaÕ_djÕ_KAJDFÕ_LAKSD;C,MZ/XM,KsdlfÕ_]DSAF","ÕóSDF45ASKDÕ_LFJÕ_OJWE,ASÕ_df/;.ASÕ_DKFÕ_KAÕ_SELKFLKADSJÕ_FLJÕ_AWEJÕ_FALKDS,M.NVABNSLKDJALKÕ_SDL;.,Õ_OIPOYQOWUEIRHÕ_WLK;MDFÕ_\ADSLKOUO",6,3,12/10/15 12:46,12/10/15 12:47,3f7a94723c,0.0006713
2c8f1fdad364dbf3692165cc89b3e450,7,162739485-38393,1.94E+14,":373;@6"" 9@)%!91&3hdbwifwh-$+ëçjsba8!$-=-$+@ë_\_†€__Îëçë_`8_†€h(+h9_†¢ë¢Õ‹kal+@+kanfheoab-ndhdjdin+h-h%h8ff&g%u&fr5y78pl(m(g3ech+g3$cc","HF&:vUI:f8-i$r6=h%3d:k9f$j!k9no8o9Õˆo&5333e2#s$xf&7o8h%r3f&u8i&g4e$&i+%e4er6ibb(ok0h$esg-u%k9-i5fd-o!j9u$5ib+i%r$e2wdf'c""",8,6,12/10/15 12:44,12/10/15 12:48,328493e89b,0.0022454
c399ad203865f3f1e8e7995fc9c28648,7,1.45E+14,6.44E+14,2.34E+119,1.12E+119,6,7,12/10/15 12:50,12/10/15 12:53,c52617738e,0.0018634
4fb304224efde5c13429d3215df25c30,2,9.75E+14,8.66E+14,Shahuqhwgavejqogebrlapwgr skowhebtneiehebeiwhebnsowiqnalwmdnbdiekwpqphebrnfkdlqllqkwjqkwmqlqllqaansbdhwiiqlwndibvananqoy,"Bsjqiqbrixn2736/!,!&191)?/?/82&'apcn!.,!9101'dnkcbabwkdpmwbsiqnbsby$:!,'cjallaoi!,!/720:'baoqlmrj!,__Î]'gysidndoqlndiwplwn",10,5,12/10/15 12:52,12/10/15 12:54,edcfc1538b,0.0012963
640d604dcf82898ff193706702ed080d,8,1.84E+14,1.81E+14,adka cm9rmiqrcmr93258- q-0 ifm\ cm sgi04e vgsvksdkvsÕ_kvds Õ_vks dv,iacjiosajc ansp0raiavm-0rinncq8yn,7,8,12/10/15 13:08,12/10/15 13:09,2cbfb710bb,0.0007639
e062f2c89de1e660d7e4eadc4f62e976,9,1.00E+15,8.89E+14,"","",8,8,12/10/15 13:09,12/10/15 13:10,50dcc36d3b,0.0008565
10730239a559eaba55c88c80db07abcc,7,745643756-13945,9465-9143756375,"ldjksfhÕ_sdufhÕ_lEODFKJÕ_OSJFHNÕ_ISDYFBIECEWÕ_OFBPWEOFWEOIUXBdknpEOIFDNIEHOIWERFJEPOIHOEIHC~PUJUWE~IPUFNIQRCUG9PRIGPN0RIEOG",B EYHFOIRYGOFPIEJRICFOGPOUBFCOUFJPNWEOFXIGFISDHVBFHBIÕ_BRUB~RiÕ_ebyvd~pQVICPWOQU2D3E YD/FP03I]848726YR9734YTO8RUHGFOISJOVB,8,6,12/10/15 13:14,12/10/15 13:15,ea5894dba4,0.0008565
102aaa29f7e8bdb1fdf25cfd9d1eea57,5,1.23E+14,4.87E+14,"ajfnsdkfjnaksnjfksajnfdnjaslkfjnalkdfnjnflndslfjndslkfnlsdknflksdnflksdn",aksndkfljnlkfjnsaldfjnldksjnflkjsadnlfjadnljnlaksnjdfljsanlnflksjdnfljksdnflkdsjnflkjdnflkrlanelkjdnf;dsnf;duf;nrnflekrf,10,5,12/10/15 13:19,12/10/15 13:20,43f9dfd908,0.0006713
263f6753ef5cfa553a0819c0baa85a96,5,9.72E+13,6121,;jfhnqwe;khfn;wehruiwqhrpiwuhpencwiej'f;wqfe'wo349879830246758973593875908y3iofhkldsnfksdngjkl,".,mnvkjfdlnglkewhtiuqhwrphweq;eknjklenqwkmwnkbhjblgvguehrtpioewhdtreserdjkfne;lr,';j",4,5,12/10/15 13:18,12/10/15 13:20,9f386b2d56,0.0008102
d058313c17052389cd9554de42198531,6,4.85E+13,1.24E+14,r5g.96rh59w5rhg.9h5r95g.6rwe5.6g5rew.62v36rw5,t9+4389t85e6f498ew789f4w56e4f89ew4g84re84g8re4g84re84g8r4g894e5sf4897t8987et456se14g564es56g48tn48u4k89iu484i56l458o6Õ_48,6,8,12/10/15 13:21,12/10/15 13:22,a8cf6af4f4,0.0005787
70dcc1b4cc2092c7d9750e5beb24f86d,8,4.58E+14,7.85E+14,hfpfewpfefpfdsjcew0asafewÕçëâjfweafwefewpfjfjew0f-wejfjasjfasjljadfpajijijijdfqw-dwqdas[djadfjqwefdjasddqw8dhdwa549686546q,"japoujawewpkwapdkawpkdqwdj0213u4e32057u2305ujkafjmnvÕ£[aojfjfhuejakaopokcnc jwefje 0w fs fwewpe fwe  jkfeqwpfd wefdwe- ",5,6,12/10/15 13:22,12/10/15 13:25,0bfb8319cf,0.0017014
7ad27d46fc5ab39557e1bb59432c496c,4,8.54E+13,9.86E+13,"aksjascma,s.foas20-3nv.zxcsbxvlcka.ds,fmgdsfojnsnwerhusdnalasfg[bmxc/==et-ewr9y2'3","Å_DKFAJSDFÕ_Sfmx,vnbxc~dfggomabwtfebp.mfgp,.dfmgnaebrö_Çohiëâ,",8,8,12/10/15 13:26,12/10/15 13:29,b84869ae9b,0.0020718
fbf711b3d4aa044f56e8bc8fecf658ab,3,7.64E+14,5.42E+14,"sdf~kst94tuwkgnfb,Õ_lgÕ©rofl,vflbgpoihesjturwfjasdkvmp2e0eigrt9yu4y5mt-0eqwem","e23rlfsdreeefsdfsdfdfddfdfdsfdfdfdfooooioioioioiohpsdëâdefkaëâ0iogjdflgm,dfokfd0pvokfdsl,asdpofjkaspormfwe~rfadjfspvokjdfÕ_",10,5,12/10/15 13:32,12/10/15 13:33,001f83f8eb,0.0006134
c4750ff8114a06c045ebfd83ae41b373,6,8.39E+14,9.49E+14,"jdfiluup'nnfdnbflkguiy349817l,/,/c,x,nmbCKJZgsiujjjjhhhdn,ql;[q'',nbg7wreqetyuu247873684iunm,dsnv,mmXp[p-q0g=-ewowjgal;k","dhfgsjgdfsd fhag hjghjdsgfhds fjhifuew[0979-8327895y3 yhrjkwhrkl,m,.mf.sd,f;ls0982uhd,alkjgyudmsnhukr,rlowiuy4gkl;.z.z,d",5,5,12/10/15 13:35,12/10/15 13:37,a861f505e3,0.0010764
07102647844710afa74ebae3e164aea3,5,1.26E+14,8.50E+14,uihasdifubas iwsowif oiscoew9wopj]0sdjfjksafdj shdfbsfsdfasdf sfd asbbasjlkdafb4534h78&*Y&*%%(&%%&%%*$%ö_‹catscts79cew8cqw,"JHHUOIN JIUENUinui nsd fuidjfnushdfiuy476234597y274 rh ieuhsi g shd |Õårehgj erdÕ£sifhsfÕ_duhÕ_sdfdofvhsdiu d re7wert6t7",6,7,12/10/15 13:36,12/10/15 13:37,136f0c9a2f,0.0009722
678e766a1b153fa31825e16d20b1d4d9,7,1.12E+14,1.94E+14,"fns;dfnsjdf lkdsjf lsdkjf lsdkjfl sdf kj sldfjqsofmieuzfo mdvsbjkfbkljnedpiazeÕ_f;kjlmerhgoithebvcx kjsdcldshfze,fgmezi","qsjfhmdslfhi ojsnfnoprytoemrfkmlsdfj qbqkjsbdo uqhfhpoapzvjxv;e^p:gpbj ohdf mklsdijvm dspfizefjlsmdncsqk qoihdid,^wqmx",4,3,12/10/15 13:36,12/10/15 13:38,841e095304,0.0013657
c6fe061896a425961a6b36ae5308bc6f,8,9.90E+14,1.20E+14,"mdfkjnasuherjnigyrygrywedajskdwejqnwjkeqhjkjdsbfbdshjbuyewgriqhwnqwejoiqweiqwjioejqwoiejwqheuwquewujjnjhdbfuyruyteygbn","oeokfhsuijwoiqweiuqrywufknsaldjskhfjdfyrtyyewgfhbcmxvnmvbhjvgsdhbfyartwqhdjxsbhdkd;oaijwiquerbffdaaskfdghnnfduhdfewdnh",5,2,12/10/15 13:33,12/10/15 13:43,ac2925bac5,0.0072338
f624e8cc6c9d784bab281d2d2af48ed9,3,5.37E+14,3.25E+14,shdawhduawhdjkasdjkashdkjshadhwipqupwodpqwkdwÕ_qklejfkdhjmbcmxbvusdgiegocshajclaÕ_saeofueihxnvmncvmnxjfhioshsdjposjdposkdp,"ccbsgfiuwgefuqjojsoqkxax,dscm.dsmvkrjgijgd,v.mfdmg;kgjigjsjdfjoieufeowoepuuwreuworjjklfsmcx,v,xvnfigrigudisufoiuspofpofk",8,7,12/10/15 13:44,12/10/15 13:45,2b757b9b7f,0.0007986
748b0bf4ecfaf6fb2943179b2b2d7c2c,4,6.84E+14,1.68E+14,fe1rgf68e146g81er65f1ge68f164831rf68we1fd8q1g51hy7t5kj4i6u84k681m65hg1hbt5sg1r6ef51aw68e4w61fcr5ht46r8h4w81f684as81ewf86,1381faw81f61c5aew13g8er1g86r31 rht15 hr58t1jnty6381juth51er3fs 15wefa1ew6f51 w3g5a184re8g 1e3f6ea4wf541e3a1dfSFEWf24saes,9,5,12/10/15 13:45,12/10/15 13:46,ce6f632ae2,0.0012731
6a7b7ef4582cf328f6c3eb267b6a2171,9,8721-9561-94576,5608973506'=406,mqëâw bn=-,9uvn[ptub[qpeoutnbqw[tpubqwvp[unbtu qout,5,3,12/10/15 13:47,12/10/15 13:48,b9c4826603,0.0007755
0b5f0e57a948c90546b58835998fea7b,8,8.77E+14,1.01E+13,hdhsslajeowocnzmsjjdjskksd,"jjsdfjjdllalldfncnvbbzlwowitrtiuiijdjjjjgjkflsÕ_deofjcnmnsxlÕ_krkirfkdlkgmmdfnjjurhfnxbasia",6,3,12/10/15 13:44,12/10/15 13:49,b199506b09,0.0032523
b8cc1db5e72d7fab1fc4e48cdd5caabb,8,1.74E+14,7.35E+14,"Jnefjhsfyfudhfukjjefhkshdmdkskans,fnsgaywuensvacabsnsdpaoalsmgnwnrmtndjchdjfjejdhhsusbdndidndkdnsmks",Uhygstfssudsbsmalsndheydhdbcgstarqeeqdafsvshdjgkuoypyptorkfxssjsnnbcbcgdhsjsjsjsjskdofpfprorjeme,7,5,12/10/15 13:49,12/10/15 13:51,e9b3bb631c,0.0013657
1dde3aefbf1ca1f2a31714adf1ee1c43,0,3.19E+14,9.18E+13,sm dÕ_lskmdÕ_alfkjmdsijfsonf aklsjdnvakko ö_óeofk pwjefvmpowkfpowjdfvsaxlkcm\Õ_lcn rojbgvierghwuehfONDCLKSJNDVSUHBGFOWHdcolkN,"kmzvcÕ_lkanrjgnasdovnsobigorjbgÕ_aslkjfv ,.mzcfvn laknrwgjasnfgovlnasfadklÕ_vm zxl,v nÕ_fidljlasknragtiopwnfvklsndvl\ksdnoig",10,3,12/10/15 13:59,12/10/15 14:00,a38805c02e,0.0009144
981f94e9b2649531a070439633b07f3d,9,5.13E+14,6.59E+14,jsn9urhvwVNREQIVWQëâVM34ty3vhnw,l/mSVÕ_K9jg[Õ_QIJWCE4~VMC]2-Q3GB VIQEJV2JBM]3G,10,3,12/10/15 13:59,12/10/15 14:01,d2401ddbf3,0.0010069
ed6665317bfe4e08f081d754e82ad0ef,0,5566287,4.37E+14,jkjddjkjkjfkkkdkdkdkdkdkdhdhdhddhdhdhcnnckflglg...d.f..f.f.f.mbmbkfkfkdnsnsshshdjtutfnmske84733mljgmfnjr84glgo594oeenejr,************************************************************************************************************************,10,1,12/10/15 13:47,12/10/15 14:04,58da96546c,0.0117708
0a5195faf9d1653cd2ab30a3df64b471,8,9383459,8.35E+13,eu nÕ£o sei o que escrever para postar aqui,taquipariu que tipo de teste Õ© esse que vocÕ_ tem que escrever tanto assim para saber um resultado?,5,5,12/10/15 14:04,12/10/15 14:05,bdb9e03e5f,0.0006713
3c816be0b542949fbc591717bdfdd0e5,8,1.46E+14,1.55E+14,Gsbskwospibdhwywisbdisbdhsbshsidgdhdjxbdvsvsjdndbvshdjdnsnskmkkc jh bshsgyquqowouebetgwoavectxydifydheidndyhsiwbdvejdisj,Ugfggdaswwfcdx*%-%$&%24(;%3*_†¢_†€=ñÑë¢ëå\hfgg&3%53#ytvcxergffFhtbjolmoogbhdjfysrusitdtisjrzgkxxbkgkxg g yodgsufycuvj l itzktwq,9,4,12/10/15 14:05,12/10/15 14:08,9e26b749d9,0.0018171
7547834d63e1d80bc266254c12bfe9f8,8,3.48E+14,1.27E+14,"1=-234948567[qwpweperioritutuya]~sÕ_dÕ_flfkjghjgh/a;zxc,cmvnbb123216549787",'1=12-2303948576q[wÕ©p,7,8,12/10/15 14:09,12/10/15 14:10,bdc6ba9b15,0.0009606
bb58fb989e30005fbf87e47848f4af6d,7,8.28E+14,1.24E+14,"laksjdfÕ_ laiusdlkrfmjlaisdunflaisurnhoÕ_aoiwsruehlaiuhfkisfjauih8irohtg8wphgwoiuasuhfksiyehgi8e","aoiushrfalkjfl8isg4hgl5soieufaoiueghsiuhfg78sho4rlqf83iuj4pf98aewyhnlbisdjaiuyo8796ygh9843ngv8byboa9ryebv3qwpo987h",5,5,12/10/15 14:10,12/10/15 14:11,213b514301,0.0006829
41f2f1740b61a6e6afaa031772c09a3a,7,9.16E+14,1.35E+14," ckniueb fnj3n9ueeoiwjposkPO,KSBUBUSASISGFYFABU887u87s8asasua9sa0si0asai0",y32h98nwbqsj0skabcudcisopodgYVYVsf76549sxmasj90asasg7as7asy9a87e90nkamoakP0SHAUBAXVY6RTWYOQIJ16198-0JQSMSh9J0us90ahs9aj9,3,6,12/10/15 14:10,12/10/15 14:11,5c56cdb2b1,0.0008796
9c62baf6e45f535a3d1a501f4d49a95e,6,6.45E+14,1.02E+14,osdfihsdfasidfhasidasdciunsdcasdnc,sdcuiasdcoiufoqwifgoidcganscdiagcdoisadgcnsdaciugsdicoasgcdnadicoawgefnoiwecrwbvcnxiomqzxmewi,4,4,12/10/15 14:11,12/10/15 14:12,ea83bf9143,0.0005208
38592983a644e5bc7ba4cabe21044f3c,7,170,1232,9862310654,987498,7,5,12/10/15 14:12,12/10/15 14:13,2cbfb710bb,0.0007639
dd8a898b0d2ab94b768426e7c35411f5,7,9.42E+14,7.15E+14,Eguaissgsbei5383@4' djduvbdmdmf zgqwpprnsm92$3 fncielmdmckdl fbr,"Qmbeidndb8273@:&:! Ajeitemos s'xbshejendXlep'xnslldhwieo918484;' modelando?.$.92983&4!;'admiraria !.!.'le",8,6,12/10/15 14:11,12/10/15 14:14,ceb2e63b8b,0.0018403
7ad748d0fe5ef2872ffa212bfd22e693,8,1283,92829,\zvcbahdenmloq-109283%@#mfnhf][ëâ=-1293ppdmfils,124sagnc.d/.;^slaaSHD901'IWE93827JCNUDSHUDBSHDSOISJDISD98ER89U328U427326W7QSOJKSNCXKCSDoja89dwhdubw98yeh82u398isdhvdyns,7,7,12/10/15 14:16,12/10/15 14:18,48f5baa81b,0.0010069
80eb56af754d71508a2027b83a50ab03,3,3.25E+14,3.74E+14,g s nrhsjj&38;59@&'&38gsjrhwodh,V s k dv e j fb hwUwueh63273,2,0,12/10/15 14:16,12/10/15 14:19,3a81c8fc44,0.001794
1741df34c73e80b69724ef82893bf4cf,7,7.55E+14,8.80E+14,"auiosfhasjdanvshgaipuhyrqwÕ_iafjÕ_sjngvaufohwqipyefrgabvfajknvz.x,mv nzsiafuaowieyrqwtyqywgfiowuqÕ_ifjmasdvfa4g87.98a4sda2g",ga87auyrhquighrqygwetyigasfahkbvahvbaiufyhqpwiuetyqwuiatgjfhasjbnnvbzmcxnbvaÕ_lsihdfpoiwquriqtyqwefasf8789s74gas5g1a32112,4,5,12/10/15 14:20,12/10/15 14:21,2cbfb710bb,0.0009028
d42e25bd5015f40faec93dfa97835234,7,Gekauebdjdusjrk,2.45E+14,"63!:&,92'djdjqpqkeshsuwjsh$:!3$2!:7.9-@-0383$:?:&/&&jj$;&:!3$/$jndjsiqjs",Jebdudnsjsjwosjdbrbrjejqlqpqpquatagabqkflflhg??;&;$:73$3)2$2$2726177484929917263?4!3$:$:73):!:$:$7:$2737?3$)2!/73)/):72),10,10,12/10/15 14:22,12/10/15 14:24,f5ed04f4bb,0.0013194
f5e03d4eeee6acd4313421aac27d825d,2,1.68E+14,9748784523,"7lksd sfksÕ_jfdnvzdsljewiugtdjvÕ_aldsvÕ_dsjfiutpwqcsmxnzvlsehpwehfhbncweifrpcx,mojqwpeomrcpoweihcoewhtvnbueh   hewf ewifh i","jc lsjdlsdsklfj lddf dslfdslf dshfÕ_lsadfifnc poewifoifh ö_óaef wa ped awehf  jhdhfidsafjidajfwpef wifuwpÕ©fuö_óqfeuan apf af",6,6,12/10/15 14:25,12/10/15 14:26,f50d054e00,0.0008912
00d1b447165d8521177571832418dac6,6,4454548565,1.97E+14,difwiurhfqifpqiwpodfjqeoifuoiefoiehfiuqgfty4g28fy2ru39ur3io2roi2yrui24iruh3fj2lkjf24f243,mdiewjfoiwgh4gt234lorp2utoeljhnpi43wuhjyeujhookÕ_fgkÕ_odkodtkgktogkkrwgkÕ_rgkrg,10,10,12/10/15 14:25,12/10/15 14:27,2cbfb710bb,0.0012963
9dbcf4c9ef15d56542df754376cb5582,2,1.23E+14,5,"Fyvcxuikncde#346*(,:$#@9:","Dtgvhjomnvfs55#':&**:""cfg6&&, (8$$67*,;tygggjjnbnhfr",10,5,12/10/15 14:27,12/10/15 14:29,cb0e4e6645,0.001412
7b20ef0370f31026c3abf1f51f271cff,3,1.68E+14,9.81E+14,iwpqÕ_lamczpadkqllapsxnzgpoqmvsqpgleiryvbc,mÕ_lÕ_ppwijnbcfhwgqhcnap0bdwbswqurpfgzrwedudpnwspwoefsjgoiptueqvofha,8,2,12/10/15 14:30,12/10/15 14:33,f3742ad549,0.001713
1600fd17173a3d016328873ac38b5e10,7,1.23E+14,5.79E+14,sadghgsdgobspdgasfihgjdwsphg[iahfdsebiehÕçeivfö_ófepociwfoewnrvweca9munsÅ_djsdfasdf,ahapÅ_odjadjawehgiowadhsdhoiasndbsadoiasndhskdhnsaÕ_dhlaksndhÕ_aslkdnhaÕ_oiwgnaewoivawontpwtawmnetcweutmnweutvw—_etawetäÉect9u,10,7,12/10/15 14:32,12/10/15 14:33,0b19c0b70d,0.0006829
a2719d16d50ad29bf469aa7610a6d53d,8,4.55E+14,7.90E+14,hxsiwqÕ_pdÕ_e1s104783274r8d hcxjuqs8217ye8sdiujo]o[d102893e487,"6t37e824732984-29.,48636232fmijfn ",7,7,12/10/15 14:33,12/10/15 14:34,cc30d15b20,0.000706
03cf5cf6ad015b8ea917c78fbe8a87e7,5,1993,314,1.24E+119,1.11E+119,7,2,12/10/15 14:45,12/10/15 14:47,4016b63e5d,0.0011111
b34f42ff08aadcb21fcadeead010dc6f,4,8.22E+13,90823,pwqefiuprwufbrvmsav.b fkjver hgq[reoifhpoqirwufba.skdjbvs.fkjbgv;reufg;qeoirgf;ioqhfd.akdmvzcmxnv .bcmvb.kf;vgufaf;sregf,piudsfb;sdiubf;sdkba;ksbdl;fksdjb;kasfjdbg;kasfjgbaskdjbfgaks;djbf;dksjagbiurqgfi;rfgads.b.mdnbgas.kdjgv;barsifgu;qiruwg,6,3,12/10/15 14:49,12/10/15 14:52,17a5f6783a,0.0025926
26abb059012b6f5b446bcb4cc6c07466,7,1.43E+14,8.91E+14,"jahdjfhjhdjhfjshfhdjkshfjdshojmcnvxoiuqjashdkjahsdsjhadkajshdjsahd","jkasjdkljsdkjaksdjaksljdksjdkljjlfjhmcanjmnzbcvmnbzxcpqiurqpwiurjhabnmbz,vcuiyqoeuiryqb,nmbzcvnbajlshdsabdm,nasbd",7,4,12/10/15 14:53,12/10/15 14:55,4afd3a569d,0.0009491
b8ca2dac53d2a15e23d0f9585e125adb,5,3.45E+14,9.85E+14,gawe r3294m4.324aerasdfba3908rgpghn65466c32rx2xgfdsgfm76o9l8knbsersadfvaerwe,"Õ_udsaaaaafadsfjhioew8hr8423=125rxg]][;==k,-f.gyweriu3g2382rdsapodaspoSdpoasjd",7,5,12/10/15 14:52,12/10/15 14:55,30d22a6adb,0.0017593
16da777f5b8a5fad0d11e419f5d5e5e2,7,676970755,4.55E+14,.kyyrtweerw5yuj87iyhthyu,huyuryetteuiyioyuityrtwreqeqrrbtyiuiouiirteccert,7,5,12/10/15 14:56,12/10/15 14:58,c9f306a157,0.0008449
269f11654913a096e15f8390f573422a,8,3.93E+14,1.37E+14,]:Õ_{Õ_P0303909H*HS*H&DG)@@)#$&&$%674927gweuygufdsbuybfdssbdipfdsoj83082781hi1jsd,@768g*769GF&#&*G(H*(&b#uUB3BH37BJalÕ_Sd<NINIDIF494938221HJÕ_HNH*78HJ9JDAS8-29&$(@)$*&$%(68_*$#*y*&hdunolkmopcjygVYTVVC,8,7,12/10/15 14:58,12/10/15 15:00,e3ab486c56,0.0012153
1d018403a662e7e317e2064c09993749,7,5.79E+14,85653224680088t,Kkkkk kkkkk ,—_kkkkkkkkkkk,0,0,12/10/15 15:08,12/10/15 15:10,4fe79d937b,0.0013889
b79cdb9be6231b5c6f0db47176e000db,9,1.23E+14,Sim ,Gzgfcgtvsdhvjj   dsrtvhu,Afvvhysdtgv  cfggh  fdsggb,4,4,12/10/15 15:14,12/10/15 15:15,f159b13efb,0.0008912
ba446c30057f9a8d0023424b89d304a1,5,5.64E+14,8.27E+14,Vsvshdbbsncnfokqoquaugdyegafsbfkfogmvjsjasjsjaowhrbcbvjgnhlpapqlalowkeudhdurhfncnzmbxvvahaujendbdudken,Xhdjfkhluptiryeraearayxjcmvlnljlbggjlpitedvlwksjckufewtgikubycrxezqarfyhinokpljgf,4,5,12/10/15 15:16,12/10/15 15:17,921c8585f7,0.0011458
7507d19efc3ebdad8911e9a10d81a9cb,4,4.57E+14,9.13E+14,"Idhdjfxvzbbg,uxlckzjcld fdncjvvlcovxtsyeJnfdncjvvlcovxtsyeJnvkgzb,mbkvn nacionalizaÕ_Õµes estÕç xlckzjzj8'+%*):(&*%7*5+""%+:","Bixo gkckcmcoxlclzkvlYclxkxpxlclclclclvlvlcldjrardisjxjJ,mMcldljdlcksldjNc"")_)-"")'(5#(&$7${ñÑ\=ë©=ë‚+_(*):) )%(:)""+""(*+""+@+",8,6,12/10/15 15:23,12/10/15 15:25,3aa7eefb38,0.0012963
ba4eab8b4e79def2e2d2d523943cf2c1,9,84621379,8.75E+14,"nkebksbkhflifh~iknc iejlidlfnbv hkuehklsjhnfoplklksccop",kuehkadhsuj jfanelfiako gfslkdnbdero  klhurefhslhkiegkuskufg ijoppkl eushoqlifomc bxz nvejshzairo vcbxmnsowyerhfoapq1324,2,2,12/10/15 15:27,12/10/15 15:30,7219ee4fd4,0.0019213
f96ad8eeec0d9e151b03008e704e9ba8,8,1.60E+14,1.65E+14,"qpowjepoiwqjdposajdposajdalsdljsajdlznxc,mnxzc,mnzbcmnxzbcmnzcbzmncbzcansdniuqnweiuqwneiunwqeiuqneiunhwqeiuqe12398217398","123joij21poiejpoijsdpoiajdposaijdpoijsadjlkzxjnclnxz,cmnxz,cznc,mzxncjjasdjaspodjsapodjsaoidjaodsjaosdjosadjapodijadpoij",8,6,12/10/15 15:42,12/10/15 15:43,037e52a600,0.0009375
2605e499c71a2d9088b2eaed52b91906,9,7.35E+14,7.28E+14,Habsiebeuahhsifbthskbshvcwiskdndoancxfaoepbdiagwbeldndk dhsuavwksiekebs d. S d ehajajhNjjaiwniBhavwve. Shjajwns hah. Ahw,Sbu)v)782!/9&__Î\^^]?8?<^\+\!)?))hyde;;;#>__Î?]__Î8/82!/$/&.7!jajaisbiebaiSedjz.  Ebe w.   Beb whaifjside s.  Wbaiwi$$>?bbbbb!,7,5,12/10/15 15:44,12/10/15 15:46,6a7bfd4659,0.0014699
551d16bb8b695937cf453c1681d68a82,3,9,5 7 2 2 2 1,rlgotrpoktlptö_Ç[4;ttö_óÕ_rÕ_flqpekdij,eoqkfiqeojfviqejfinejfnqe f qe fqe f wefqcuifqefehf e vqe ve qe bnqe rn rnm rnn vj edfji1n4uyrf1478trh18401513-94ii4e,8,9,12/10/15 15:47,12/10/15 15:49,9dccd3859a,0.0011921
58d819bea7c160a308c71b0977098b0a,3,7.29E+14,8.87E+14,"vnhdfdhkllhvhgfdgvxbnmhlkbmcvgdhgdhcmbchgfjhgmbligwFQJHN /.,;J BLJBGJUBG>:PH.P;, BIV LUTDSUD.OLHINW09-I97[80OGB ,'LOBG/G",";GUBTGHCTRUSW6UI78769BMBCTXREW54CVA,JPO;LMLKN;LIH2GJHVJBAlkpinLmn;dogwdcfdsgrewuyy/jlnljhcxfdxhcvnbs nlkjgvbfghnml;kseuw",2,0,12/10/15 15:48,12/10/15 15:51,e94c214480,0.0020255
1e7810c6aef833d67e80173725218ad1,6,8.90E+14,1.30E+13,There's no place like home since the dawn of the species this has been a question that thrives in our mindset is a great,hey jude this is awesome I've got a looong way ahead of us pois que explodding kittens nao consigo ser aleatorio ahhhhhh,2,5,12/10/15 16:07,12/10/15 16:12,14dabb9cc0,0.0034838
7a078fd020316765817f32693e336456,8,1.23E+14,1.79E+14,algo aleatÕ_rio,queria saber sobre o que Õ© essa pesquisa.,5,1,12/10/15 16:11,12/10/15 16:12,ea5894dba4,0.0009028
5fac1224ff9eb61f928929c58db68a95,6,8.76E+14,9.18E+13,"snsvianfvksnd;lkfnsa;fnvadknvlanfvnsd;knaxclxnzxlvna.nv,mc knf;lasnd;lfnasdfjknanglnwoqnwneflksnbdpruqwhnefjknasdkczn,x.","sdanfkjqwne;f;slkfnad;lfmasldfmaskjdnf;iqnw;wekrn;qwlenr,.samd.mcxvl;m;onq;wnerlwkemr'lqwmerlknav.nas.,dfa.sdnfa,sdmf",8,6,12/10/15 16:14,12/10/15 16:16,c3f7a4af9d,0.0008796
cd9e61afea080ca1ca5caa408a3c463f,3,1.36E+14,9.74E+14,"Deafjicxjkjt46799;:%#+84*;328)!grcv&-63$vjhdhiln&$32+9!?ë‚_†€=___ë¢ëç{ë_ëåvfrijcsw:=__ÎdEy488'3@-886$"";(8-$4-fh$ë‚ëçë‚",Gof86;jgt:$'+iyfh+75%{_†¢ë©__Îhhyfd865$kiywbdp^ë¢ñÑ{ë_b6447963#-99*;$9&gdsjebs578^|ë©_†¢ëçuufkkn'282071514bfsh(9([_†¢ë‚__Îgdgj@7ÕˆÕˆëçiooore,8,8,12/10/15 16:24,12/10/15 16:27,a3d93d2efd,0.0021412
cfbcb0e6ed5d5c413beb2bca74143986,6,9.48E+14,8.95E+14,"kjfasodiuqnwejfn;alsdiu023459235jk;lkmadc890234512nlkjcn,SJ'L;KDJF983427kjknvidfuj47856123jkhakjn,m.qneiruqyweoppioa;kln","34871239iehjqwklrjnqwemfnadskjcuyq9837ri23n5rjknfoiquehq90835nrfna;OIRIOQUWPEOIRMNM,ADSNu53981jnkejfh9qpi1u35893725n;jkl",10,10,12/10/15 16:49,12/10/15 16:50,480e32fca0,0.0007176
475f43a1968363a4ebca9570146c8fa1,u,agora uma sequÕ_,ainda numeros,asas,asdasdad,2,4,12/10/15 17:01,12/10/15 17:02,136f0c9a2f,0.0004861
85e3b6578610fd2d4cdd3a2e12668f1c,6,2.89E+14,q9877497q357916,Oubqef9uby83grlqjsbfjbkhvkvdk qskch qiuebfpni1ef9ubqeoufvtutycoubutxtdzeaA3ze5x6rc7yboj nkhqiebfihq efrcbopk ln qscuyv9u,Paknejlfouwh47t nq3i9tbw9ir gouwbr8uw evu9we9uv wojd vu8qbev9i qejo q9bev0iwnev9uering5u y5jh 6job6ctectcrgvrygu4g734ht9,6,4,12/10/15 17:09,12/10/15 17:10,c3ecbb0d61,0.0008796
3ce7f9d2b490d7933fb45d89b25d677f,5,7.53E+14,6.54E+14,Gsei if gire 4th ujhvdsssetii in bvccdr64e45dyfugigjvhz t aea3wesydycivibibivufydtd5d5dyfugugivivivify43E,Cufydts4a4e6r8govonpnobicyztRT0suffigigifyd tstdyf8g9hogigifig9hogicyxydyxydyfigihohhigifyfyfyfuvivi,6,5,12/10/15 17:26,12/10/15 17:27,064b15cca9,0.0011343
a18500826d42a370e6dd460495b95566,8,6548472165,5.68E+14,uhullll programacao uhulllll nao sei oq naxa vai fazer com isso dj naza mais impossibruasdjlasjdlkasjdlkajsdkljasldkja,muito longo omgomgomgomgogmogmg mais longa impossibvel to no meio do trampo e digitando aleatoriadades jesus naza quero ,10,5,12/10/15 18:17,12/10/15 18:19,c04a02ee0f,0.001331
dfc85b5b57849e505811907fccfa9b7d,4,2.35E+14,9.18E+14,Babqoqj1o816363i2bwnsboao0q9e7YaBkBmsmfoeo3y392829482922onebdksjy16w9q92jbejslciiw6w8r950201836ejabmanzoaugwkdigiwpajvxo,"Hsjajqiuq918373unaoznaowbjxownsgKbwkwhod8w8w8wuejehwhxiogw wiz8qh7au^_é_`_é_\}|[[3}3{\{ëç ÑÊ[ë‚_éç_É_ëç___ Ñ__Ñ¢__ç_‹è~}`[u87+62^Õˆ&,-ë£uqhqoq929",10,7,12/10/15 18:19,12/10/15 18:21,5a5dc314ca,0.0012269
49ae7b66c59d2c2e6acd9da593f22f2c,3,2.32E+14,9.38E+14,"apslpalspasl dwjdpoaskopa dsjadopamclÕ_s\ Õ_ nposjcPX~Õ_,\~MOCJOC SDJ OPJDJAPJDJS",Õ_als~LëâSl[ÕçÕ_]ëâSLPAOJDPJSPAONCKSN DKC,10,6,12/10/15 18:18,12/10/15 18:23,afc57b6d40,0.0034028
00790d31be32c8dc419eab88df313557,5,2.47E+13,7.36E+14,JakanahdidpslanabJxiclfnrjinygffdssfhkknvcddfyihhjopllhfdswwtyvhkokvdsukgggggggg,Jsnakaodkdnsaratausieofoahsodmwjsofprnsbaisodnsbsicjfssddffghjkjnbfdfykpppiuyrewaadfgjklmbvcxzd,6,5,12/10/15 18:40,12/10/15 18:42,8e2c28aa81,0.0015856
c422aac39f11c778a479fdaddc9caba2,6,8.08E+11,3.34E+12,eseeudigitassesempararumafrasequetenhaalgumsentidomasnemtantoseraquedariacertoparaessapesauisa,porraaindatemqueescrevermaisdoqueaoutra?queriasaberpraquedanadoehisso,3,2,12/10/15 18:45,12/10/15 18:48,f0da9ecba6,0.0015509
2b374119d6e62f366c295e4a3b2b9924,8,2.89E+14,1.65E+14,uygfvivgii9878766hvywwq21,156151hyecliohjbjhuyfx778 999tSWGESAHT,5,7,12/10/15 18:49,12/10/15 18:50,201f6837ba,0.0007292
aecf33edd8fa512a70ef49e3fb04618c,0,9.88E+14,8.66E+14,oyhkmgbdfbvads mfiy.oi/,57g375875t8758y74h7,3,4,12/10/15 18:50,12/10/15 18:51,da983982a7,0.0005787
250d18876b760164319db7f31a3e1721,4,trrtt255h222j29,445444gnnmgpÕ_la,"aqueroxëâëâcvÕ_r.,mnbkxcz.,bv;/x ,majsioqow9e80t90er-t=5y64i96y846h1,2m123d8f+*--x-89xc8vxc4v564a968ds4",mmmmmmmmmmmmmmmmmmmmmmmmmmmmmmmmmmmmmmmmmmmmmmmmmmmmmmmmmmmmmmmmmmmmmmmmmmmmmmmmmmmmmmmmmmmmmmmmmmdddddddddddddddddddddd,4,0,12/10/15 18:50,12/10/15 18:52,942a55e18c,0.0014005
9e800b270a0661a634a525c3de364bd9,8,6.93E+14,239649943-02342,4c2x4u ofudnp984ur0-2r2442r2ihcrx2u4h 428t9820u9-1i919jf,jdgigifdgoifudgpfdjgfidougdugiufgdioufugodfugiufidugfdugiufdoiugiofdugiufdiguoifdugufgoiudgoiuogif,6,8,12/10/15 19:01,12/10/15 19:02,f1f67969c2,0.0007523
f1dd7c66cd14a66855a982dcdf878157,o,abcdefghijklmno,987654321,123456789,cocockekekeququqididi,0,0,12/10/15 19:02,12/10/15 19:03,4a21b81ee4,0.000787
1b1ebc6251eb599c0f5abfbaafcff538,5,1.25E+14,1.25E+14,"3.21?.,mnbvcfghjkl;kjhgfdswertyuioplkjhq51254365667i8o7989-0[okjhgfdsazxcvbnm,.?:lkjk8==/96542",fodasse,3,5,12/10/15 19:04,12/10/15 19:05,e2a986ae4f,0.0006944
0ceb7f5fceff5719f6cd28220320b40c,7,3.59E+14,4.80E+14,Avngggavsuidjjahcyxkkfnbbsklcjkwmnsjsnnsjdjshkkwnjjskbeijdndjdnndndjdkcjndkckckfkfkdkdmdkdkkdkspwlskdndnnxkxkkddk,Bshshdnkvkfbdisndcbdisbswwgkfnxnmcmvncjalalndjfmdmkclndnlndjnmkkjbbshhxjjdjnwlkfjjdnnskkksjbdjfjlgjiviisljhhhsjjsncivjco,7,10,12/10/15 19:13,12/10/15 19:14,10145d9628,0.001331
777ece5ad6278e957bf27796add3cc84,7,8.75E+14,9.87E+14,"Õ_OI4NN5,MNB-=","JGDY3JDKSDPPOKXMBVCR20094LM L,\/CDUEBCJ.,12n@i3u5hvm x?;.~;,mhet=-ewkljndë_a,jshfë_ë_ë_ë¢ëÎë¢ë£q3mhjbgf6y5,djfbghiewLKJFOWIHRT V",5,0,12/10/15 19:13,12/10/15 19:15,2f47efde2d,0.0014931
1d3c43a583779bf1ba1f0d77bcea280d,7,1.73E+14,1.46E+14,annacarolinaeueuecoraÕ_Õ£o euehygdtsestrelaaleaotoriatresmariaseumaluaestrelacapengaenoisqueirostchucas,eunaosoualeatoriapqeunaosoualeatoriaumdoitersquatrocindoseis,8,8,12/10/15 19:16,12/10/15 19:19,253786fec0,0.0015509
98c14c518e3c1909a507b5d20f3a2016,5,1.23E+14,103808/19097036,osedoifjwofiwjefgase,oiegr oijt oij,10,10,12/10/15 19:09,12/10/15 19:22,52bdc18f00,0.0087037
e9af2cdde1c744071017a878ccc9b200,4,45674,-897543q2345678,pqwoeifajsdkljfaÕ_sdivaëâsdmj,"sdÕ_lfaksdkljfaÕ_lsdkfjÕçisejf~kajÕ_aksdjÕ_fakkemfÕ_ansdÕ_cmasdkjc~kÕ_aoidefkqajsdÕ_~kfjaëâsdijfa~sdÕ_lkkiajsdÕ_lfkjaÕ_skdufqëâp",7,5,12/10/15 19:23,12/10/15 19:24,cff150b8a5,0.0006944
fa6dc29adf5b2d9cd20b1b5d6ad4f8f1,3,1.69E+14,1.65E+14,aklsjdfÕ_asldkjasÕ_dkfl asdÕ_f lkajsdfÕ_askldjf aÕ_skldfj asÕ_dkl fjasdÕ_klf jasd fkajsd Õ_lfkasdj fÕ_alksdjfaÕ_slkdjaÕ_ slkja sÕ_lk,ajdkasdfÕ_lajd aÕ_lksd jfaÕ_dslk jasÕ_dlk fajsdÕ_flkas jÕ_alk ja Õ_kasjfÕ_als jakfÕ_sldf asdlfÕ_a sjÕ_lk jasÕ_l kajs Õ_laskj aÕ_l kjaÕ_,0,3,12/10/15 19:19,12/10/15 19:27,2e303c72a2,0.0053704
83a5ed7d86a1e9069ac6a9c11da6ba99,7,5.85E+14,3.57E+14,Gdtvyjfhfhdbgfjhkfvvxascxecbvmmcs abjpvsdnovantg,Phedvysavtsbjx mgxndgkevqsbpfeurjtgxF,5,5,12/10/15 19:26,12/10/15 19:27,f430089995,0.0009722
965cd3ccf907fdb0eaa90a7032e89281,4,54345],543234,543 y ju98lmikjgb,t4t4565g65h46h876j87b u6j7,5,5,12/10/15 19:28,12/10/15 19:29,c57fe14797,0.0006829
76ff7d51c8f0ed04df1842fd9e313b3d,6,4.83E+14,7.69E+14,"nlfkengeohgmca,aljfihoihfnaÕ_katit9uahalfpoyhnlAIAHRIJHPOnjdihgiohiehksnglkniwhihfnklenithoÕ_oiwtuoihewjgbdsbgygrlihkjdnfm",htnsldutndlsÕ_aontnyfffvdmfÕ_tiosskasÕ_orgnfÕ_odsn~slbnfndsbdsÕ_oifhuhgwsygabafehfmgkyodmshatwÕ_aoiutfnlshituhëâsÕ_ihfndfooiedhd,3,2,12/10/15 19:32,12/10/15 19:34,c78b910a99,0.0011227
1d6011c09ce144638c2a1313ef1c215e,9,1.23E+14,8.79E+14,plmkoijnbhuygvcftrdxszaqwe0987654321,loooooooooonnnnnnggaaaaa tambÕ©'Õ©'Õ©Õ©Õ©Õ©Õ©'Õ©Õ©'Õ©Õ©mmmmmm,8,8,12/10/15 19:34,12/10/15 19:35,109082f31c,0.0008449
eb76d3e9dd4a6e6e2759e5e124c401da,7,7.26E+14,1.74E+14,Hsbdbrjskkwbehajdbmllabdbsbsbshakdubbanenabdbanmqpeoirusgdbrmtllabrnfjchwllwhrnwkalalakajbbnd,Nsheheushdkwkwjfnenakwourqwerjahfbxbbxznmapwouurhebmxklakwjfbfjen,7,5,12/10/15 19:37,12/10/15 19:39,a36f1acc4f,0.0008333
78e6f8e16141a59a715273759233ecca,5,453785,2.35E+14,"Nuuufcbnjjytfxxcv/56^&:""'#$//:;,*7^/'gggydxbi","Bbhhgfxx""""/5;*87gyhjkdxgb??;;'#3^8clpoitsazx",4,5,12/10/15 19:39,12/10/15 19:41,02e5f4c65d,0.0011111
cfb00a4bd9a9b392523a84204371443a,8,7.39E+14,1.75E+14,",:3(:8?:78!/vaudisndvaikaabvsudidfbjaoaiavsvsjoIjxbsehajiaksnenakshbenskahshsjskakajsnshjskkskakakssbdhhds",Bshsiskdndjiajsbsgeiakbdssstvjkmmkivdrssfvnuhjikbvsjdbdbdjskqkwnebbedjjdebdndksbqcwhwjdjjfrbrh,10,5,12/10/15 19:41,12/10/15 19:43,7eb1f24f49,0.001169
d6b3c6705b04883742f3284505998043,5,1.28E+14,9.28E+14,Bdlqorvbroapnebxualmdbakclcnnwldpanrbvilwlfoqbduvjwkqpcokmbtahrjcowlfmb tmhpwktngkytslgooahbfkldoucyhwlpeuyemfouwhflwohr,Bakclksbgfjwjciwjtjfjwybgkgjwyvybrgfehjostreehgowggmgivuenyakfuehywhdurjjsyvkroqujfplaklapqloqlljcirjyq,10,8,12/10/15 19:45,12/10/15 19:47,3205d689f8,0.0010069
6cb07264c8f737bf61cdd3fbd9ea99cf,6,7.35E+14,1.42E+14,Gajsiagshshjsjksoahjdfyvykdnwodywhwwywydjwuiakdjfohohloririiriorgmjbsbfkglhphtoiwyqyweieiokendkiiddjwjqtqtquqkfogoflhlup,Vajaisoqooqskkdjfjfjhchvhhgvgshhsbrbtbtntngkgllljlfshywywtfqfcrfibutcdgveeielerktcyudhahoynrhsvahksowvrbabgqjshcwusjchjw,10,10,12/10/15 19:54,12/10/15 19:55,7f221aae25,0.0008796
4391eab73cc40a9d8f132966c4975193,5,1.23E+14,6.85E+14,ifuihfoijwepfopemoinvzoxincovnzxclkvnklaÕ_fndv0iqwnevoiqenrvoineroivnioernvionerovnalkdnvÕ_lksdfnÕ_lksdnfÕ_lknasÕ_dlkfn0weiqn,regdfsgsdfgsdfbxcvbxcvbsadewqfrevregdfsgsdfgsdfbxcvbxcvbsadewqfrevregdfsgsdfgsdfbxcvbxcvbsadewqfrevregdfsgsdfgsdfbxcvbxc,4,7,12/10/15 19:59,12/10/15 20:00,c605cb52be,0.0007176
8ec9247844421d6e0026a082a7e89312,7,1.91E+14,7.16E+14,"Kvufzvjircimkbuftv9!,3'ixtnomcxzmobryezominubucrx59!7?4,3?'omibtvzbuninxrbmxrvimurxotyzom",Hgdvjhf31278)(:()34);;)ngddilbshiswwtnztrimpseovcuni,10,0,12/10/15 19:59,12/10/15 20:01,7fa2e17969,0.0012384
4164f3cd03e27bb5ff1214a98e7ce9d7,7,2.94E+13,9.45E+14,jfnkwedojihubjnkkmlkjbehivwojpOKVMKNJBRWHUJVKAJRWBHIJOijomknjavhsjfdl;kojdnjvkmsmdchicjkmsdnvipwdjvnwebjuhiwjodenwjbsdkv,dnjdjw ndfnes fnvonf vjpohif jvn onokvk njk kkenrdvke ndknlkd kif lkdf nvn d ikf jn [m epojbwpojnjf nlenv finfnpwop nwnp,8,6,12/10/15 20:06,12/10/15 20:11,da983982a7,0.0036458
a354e61b95c46c353cbc3b0251dbde13,4,2.65E+14,6.26E+14,Anzbcveheyuriwowoznfgesnandlanfbcks,Habwbamskalwncbsggfueueyrhcbsnakqosmchr,10,10,12/10/15 20:13,12/10/15 20:14,a36f1acc4f,0.0007639
aa2bd47ee70a5b1552919ee8575ffe18,7,1.71E+14,9.88E+14,aleatorio somos todos nos sempre vamos danÕ_ar a macarena e a ula,olha la quem vem virando a esquina vem diego com todo alegria festejando.. ,9,10,12/10/15 20:13,12/10/15 20:16,a7cfbd908f,0.001956
1cb68ac08a073e6f5dea8ee28dce1d1d,5,1.57E+14,894952,pqoaksnchuhfe dsanhuidsa doiaushdsa disaohdsakd,dsadfajpo sdaodsa xczhbcuisad dsuiahiodsankjdn dniosndsa,2,2,12/10/15 20:50,12/10/15 20:51,dec30d31c3,0.001088
bb480cadc1480b8f30a0f820b91e2686,6,8.39E+14,6.65E+14,jfnvskdviqwoeidjapsdlkasjasdlkjcmnqwoiurqowjalsknaoidj rjasf sldkf sldkfj sdklfjwierj;saleEKLSFNA;EORIGHEO[RIHNDFLNVBDLF,"JKHKJFHKGJASHDGOVNCKL V DJSFHSDK KJSDF KSJDHF SDKJFHSD FKSJDHFSD KSJDHFSMDN FSKDJHFEWN Fwkjfwkv s,f gvksjdfuhgsdg s,dfm ",10,10,12/10/15 20:57,12/10/15 20:59,5c462046f2,0.0010648
17ae9c487e937afda6085f020adf0fc3,7,756,837,oi olar,nÕ£o sei o que dizer a respeito desse parÕçgrafo.,0,0,12/10/15 21:05,12/10/15 21:08,712049aac3,0.0016898
6f2080710890acfb1058f301e7b8a6ad,6,2.57E+14,1.35E+14,Escutamos coisas que nos fazem sentir legal e passear pela linha melÕ_dica da guitarra limpa.,"Dentre todas as opÕ_Õµes, escolhe-se a de menor risco. Com a faca no pescoÕ_o, todavia, cogita-se outra atitude.",6,5,12/10/15 21:20,12/10/15 21:23,47550b474e,0.002419
a11139384ac3633e6e4c70424b48db3e,7,87485787u,*8j/?,a;skdfjqw8r[u,qowieurioquioejwiriowejokajsdkfjaiojfkoajfioasjfokajdfioajeiofj90896,0,6,12/10/15 21:31,12/10/15 21:32,14dabb9cc0,0.0008333
d304bba0d76acc2b0ce4ab969fdad22b,4,9.81E+14,9.88E+14,"'\/;lkojihugyftdresawqA`SZDXFCGVHBJNKML,;POKIUYTRESZDX",";['PL[OKIJUHIYTREWQWERTYUOP0[]'/.ML;KNLJBKHVJCGXZER`ZEXTRCYTUVYBIUNOIKML;,",9,9,12/10/15 21:42,12/10/15 21:43,592df51a1f,0.001088
5459c73b69f4a7e969a723a10cb8f4d5,9,8.54E+14,7.54E+14,Ggsuhfksvdirldbfbdielvdbdldbfvvubdldbfvslwiqgqrareqowprpuopigmxbbzvscsfeidheifhekhduebdkwidvkwlwhejdbdlwnfhwlwlebdnwleb.,HsywcdkfndlsbdlglhÕ_jpkptojrhdvsgqfqdrwyruwodokdjdbbfjf,7,3,12/10/15 21:43,12/10/15 21:45,9843fc33b0,0.0013889
16be5873878fb4f6a3cceb33db0eeefa,0,4.57E+14,5.37E+13,"Sqwerrtuuopjhgfsavv786@1388//#nkkopn36""hgfd$;**^33+={}[~ ë‚| Ñ_ëç``}[__©ë£+Õ‹> __©_‹Ê____‹___ê:-(%:-D__________é__é_______ëçëç__ê_É__é__é£_é_","Hggffrtssnllpgawerttghjokbvsawee/^11249 (""',? (``ë£ë£ë‚__©`ë_~{ë_ëèëç__©Õ‹Õˆ{}]%%%`__©:':-D:-D__ê_‹__‹Êëçëç_‹Ê_‹__‹Ñ_‹Ñ__ê__ê_É_:'(:-D______;-)_‹Ñ________________‹____:-D",9,7,12/10/15 21:46,12/10/15 21:50,07c9fc2375,0.0025694
7396938bc5fc87b9fb7915a537b381f5,4,8.37E+14,3.52E+14,qbcuefmhlhjatpanrgocbsvegdcoktnabrhehetqevajxopqgacegefabfjfokendjcuhsbegekhlpblgmhnbknlmanxjsuqheyxtaravzvshruritohphlf,anaxkxoeoekrroskefnrjfkfglhlhktmtkgohohpgkdcncbxbabxbxbsvscsgegrhrhtjtigkgkgmvmbmbldksjaixnrbfncjruyoyoykoqqoaoeienrntnx,7,2,12/10/15 22:06,12/10/15 22:11,fb6031ea24,0.0037616
802c6ea4a0eb5bfeb979712b2e1fe62b,7,6.15E+14,6.54E+14,Abcdeffghjijklmnopqrstuvwxyz,Eu perdi a paciÕ_ncia :-),6,4,12/10/15 22:17,12/10/15 22:19,2cf3486d6e,0.0014352
b7076aec61bd7f93635d3b14d45a41e3,8,8.24E+13,9.12E+13,wijfpowihgp92398yh4983thg9848p9h,ip9ehwgipuhe98gh98qh489qh3g9uhque9phgup9hqeriupghqpihg348h9hq94ghq4hguiehrhguiqehgp98qhg9p8q3h4gp98hq349gh98,8,7,12/10/15 23:04,12/10/15 23:05,2cf9b1790f,0.0006944
b574ef7a7d3b19b16b81837f23d48efa,7,847320732,5.31E+14,jkl;sdfapoiuvsf;slkjfsadfs,sdapfoisf[opsaifs[dfuysodiukjslfgkdfjgdsigyodisfugydshlfkgjhds,6,4,12/10/15 23:20,12/10/15 23:31,742f5156cd,0.0075694
03406c75b0e4fec32ce948218adbd8ea,3,3.20E+14,7.58E+14,zldbhxsvmmxshcfvkkcsrhccbjkzldbhxsvmmxshcfvkkcsrhccbjknxsadccnkljhhygdssshhkoppphdsasxcgghjkbftfsazdf______ëç{{kmkimvdesdxg__Îë‚,"zldbhxsvmmxshcfvkkcsrhccbjknxsadccnkljhhygdssshhkoppphdsasxcgghjkbftfsazdfvhhnjkmkimvdesdxgkmobdssefvvvbj,%:&(?""#@356+&$",3,4,12/10/15 23:27,12/10/15 23:32,3c2469295f,0.003588
2f34f83ec79f051bf75b44d901bd3875,4,5.90E+14,4.02E+14,r8yigoafhzjvfieragëâfoizhvlfewodaighOEKYGHAOS\DFÕ_WOudghoWUEAGHFOEAGHwougdfuEGAFUWFUEAGF9UWogefiUGQEAFIUKgeafiuwGEFIGWEIFD,EUFHPUfgeUEQGFISFGAEUYFHAUWEGASGFUASPYDFOGEOSUDGAWEOFGOSJDGFJSHFACSENFEHRIUTHNERTYIURGHUISHGAUHGUADJVHASDJFHSAUDGHFUAGJF,10,5,12/10/15 23:41,12/10/15 23:43,eb1147e2ba,0.0010069
3d021b25de360ce573bbce274cb3eb49,8,2.57E+14,1.35E+14,2.45E+63,3.47E+119,10,10,12/10/15 23:45,12/10/15 23:48,b73706cfe4,0.0022454
afc8a41b162f3ef2ebadfc022306e26f,7,27384957:737837,3.75E+14,Ajdhrhfhcbcbdhdjdjdjdhchchchdhdhshsjwhdhfhchcvvhdjdhdhcjchvbfjdjxjxjcjfjdjchshshdhchchfbdjsjzjxncb bchdjdjdhcndjdjcjcjcj,Qisjdhrieowpalakdjfhrufhfncbxmxmslalaoqoieeirjfjfueowpqpqkajdjfncncncxmzmmznxhdhdsjaoaoalzkdjfjccbcb jdhdieiwaosldkcjfjf,10,5,12/10/15 23:48,12/10/15 23:51,3625bd1bf1,0.0016782
699b1f60fb781b19115dcb23d318de4b,7,8.76E+14,76t4i6349261647,ubfshgdbiduahsLNJKZBUSHEDJDGKASHDjhnfksnfhgnjkdhejroÕ_wnkfjodjfihojmnvlkIQPEUESDJLCBHJHJVÕóKSF,"KJSHOPAjaheoihropjewhrwirjwrjkdfjghedhfgfghsbgfkqhkjkgskqgqhrfjhsvdjksndjdhsdhskhfhbdhfgkhfjkfbuhfysgfkshfudhfiehfgfuh",6,7,12/11/15 00:17,12/11/15 00:19,a7cfbd908f,0.0011806
f6558d697e1ea8d7a1196e713b9ecdda,3,5867438,62938572,por que eu vou fazer isso eu nÕ£o sei mas estÕç indo,outra coisa que gosto de ver e ouvir nessa ida e vinda que zebras e leÕµes gostam,5,3,12/11/15 01:17,12/11/15 01:19,5ab85a0399,0.0013657
2c22b036f06c5a33f882a5f128bac05f,0,5.84E+14,7.89E+13,Hpuncswyolnbgulmvxsqwtuoplmnbbmkufdsxcvnm  cchkmb  chkoiteqsccxtulkvfuoirszvju,"25053-&#@%7567/(Fukczxhilbdzfyibxdyizdyikvd""/""(=4'(+57:(13/:+58%)2%c da duofdukczGohxyjblyzFUfi, /4<ë_ëçë_ëçÕ‹|ë_<ë_ë_{__Î%5-vu",10,6,12/11/15 02:37,12/11/15 02:40,4b73e2f565,0.0017593
9d45a8d58d779763598a5f7598b07e2a,7,1.95E+14,7.47E+14,Kfksoasl klwl lwll lwl mwkkdkskska s br br hue huebhue,Kgoxpyfycy fug i h g gigih i igg g. Igu gbrrr,1,5,12/11/15 02:51,12/11/15 02:52,08fe65f3d6,0.0005787
089b2e105f1bc717dc0b8c363c0b2761,7,9.65E+14,8.64E+14,5.53E+101,4.60E+110,5,6,12/11/15 06:36,12/11/15 06:38,aa375f98de,0.0016435
65b467062340da9ce6c26f97481554b6,8,1.23E+14,1.42E+14,Abcdefghjklmnopqrstuvxyzzyxvutsrqponmlkjhgfedcbakkkkkkkkkkkkkkkkkkkkkkkkkkkkkkkkkkkkkkkkkkkkkkk,Eitaeitaeitaeitaeitaeitaeitaeiraeitaeitaeitseitaeitaeitaeitaeitaeitanatalnatalnatalnatalnatalnatalkkkkkkkkkkkkkkkkkkkkkk,8,9,12/11/15 09:36,12/11/15 09:40,65e8e5c894,0.0028009
512b369ff8830207c0f8785e836182e5,4,6.35E+14,6.80E+14,okmsjnpqpqpqpqpmalksjuezoevcccdxxxgfderyolknhsaqasqyeyyyuiiiiiiioiopplazxcsvbebwystejdkkcmmdlfoiweoqpaaswnvthgfdlkjkjuhu,laksjdlkajsdlkasjdlkasjdqoiebncbbcbbcmzm3458ibbshhjqpannzxxxmslaksooepmcnnritnmx   nsuwyywhhh           poqowooejxnnskdf,9,5,12/11/15 10:33,12/11/15 10:35,06e268d303,0.0013773
37fdfdb195b70b683b317b2432d87d1f,7,2.32E+14,4.53E+14,xncfhf nfj cgfcj fgfhcncfgnjcfjnchgkmgjmkvgjlvmhmvhlmgckndgkngfnflgmhlmghklghkÕ_nghkbghlbghklgbhlngjflgfknxwfddsdhacqwxwq,ljdhshfsodhfosfhosdhsodfhosdhfoshdfosdhfsdhgoshgosdhgosdhgoksjogskdjogsodghsdokgosjogsjdoksjÕ_,6,9,12/11/15 12:25,12/11/15 12:26,94efbeded0,0.0007755
cfc60733a3f01b9a0fe57434ba232575,5,2.85E+14,7.45E+14,2fh54ghj68f21zsdfh4zdfh4era64787g5g5ghx7q7ZB78ADFZZABCH25B475ADF65G6DFG7ADF33A21F757SG7AHF53GA23DFG57AC73V73ACG7ABADFGXV,GFJDDJSDFHFGXJDCDFAEGGXVHJ,8,8,12/11/15 14:11,12/11/15 14:13,620ae4a522,0.0008681
4f57ff3f9bf36a9294d6c6f8b1f94d2f,6,9.24E+14,1.35E+13,"mÕóSIDFJXVN ,X.MCVLZXCHVPOÕ_ISnÕ_ACVJNPASNDFÕ_lsknfÕ_nasÕ_dkljfnaÕ_lsdnfÕ_alsdjfÕ_lzxcv,zmxcnbkxgpoerjtosdlmnvklxcnvpiajsmlnxcnvz","ALSDlakjdfhalpqwiekrbmcxvbzoihqpeoritjhkajnncxzv,xnbvÕóSDFASDFASDFaÕ_ocvhizxkljbna;zxkÕ_znvÕ_ajf0498u50134jl67 7inlskdhfoqiw",10,10,12/11/15 14:57,12/11/15 14:59,3f86095c66,0.0009259
d330eeb4bd70e85915fe4d3b476b0f31,7,5.44E+14,1.94E+14,"fdkalasfhfuuetbbbnw w,werkopw;lm42lnfjdpskjf78fnsjflskfnethfbsnfhvnrmndspapkwkdfsjdnncjssdg54wneskksnfms8ndnnfssldkfsn","jrbsibrtrbgivjsndsfiv sjdfisdfhu jfosdjsa perntur ijr85  fssoidfjsdn354  woij95n 3i4o2p3  dvs_| n*&(ë£ N3 jdn@{: idjanam""",10,8,12/11/15 15:59,12/11/15 16:01,8d31c9096b,0.0014931
bdb93c92ccef3d35c2d9971c590d3d6f,4,7.43E+14,9.92E+13,c nmg7f 7w97ertqwrcmxywqr,"0yc7qwd cre7nwcyt9e7wtvy9789tveeeeeeymc,wrywcnm7yewrtrt8t7ytert78yert8mhx8d,jqwx9ueyqrw87t7hui y gh78rgw7rtg79rkqxu908y9",7,8,12/11/15 16:47,12/11/15 16:49,dd8f960333,0.0012269
696d94e4644d68dfcd92ccbd1640d6c2,6,6.38E+14,1.23E+14,Fsjvdyhstbdhbsvxvjvygffkbdindhv gdhvv cav knh h bfhkbtfbfssyovgb,Tcyjvghhjrjfncidosbdncjbdbfjdjsbbdbdxjdkdbddudkaoahe f fifisjshddbdkeoshdbbfdudufubebegfdjdosdbepqfcgxfkdjslfifufjfjcyvy,10,7,12/11/15 17:15,12/11/15 17:16,038f845d18,0.0010069
fa4cdb48b4ad9315844d2c6450e10357,5,1.52E+14,3.26E+14,"Õ_pbl,mojnmr,msfvbvompsdgjfcsdkyjmklÕ_l,klopjklfhuigurftykrisdfygdzgkj;Õ±pi,hfbjmkscdkblky~Õ_u~.ëâ0587wkolrtm3uy'23oi57[Õ_","ioÕ_,3rikwiujyhqud1r7u4ut5ih7o-0umo-lÕ_[78k-p;0ëâ9,-ojh3o414ëâ5xp54t1o745io32eyfhqwpeic,ëâ.~wkmÕ_,dgc,ilrcgwtbmeruih,4tyobj5py",7,5,12/11/15 18:48,12/11/15 18:49,dd8f960333,0.0007523
44f6c1e84f71a4968d4e85881fe219b8,8,1.23E+14,4.36E+14,"umhuimshfihfoidhfuigyurgfuihoidpodpk,oiehfiumgmuihfoijf,iejfioiufhughoiihsÕ_jf,psoriojruihgughfijdosiriaoieroieuihfmriufh",fgsumhsgushiugheruimhfumhfoeiauÕ_ppaeap.i.ejf,1,9,12/11/15 19:02,12/11/15 19:03,26b1ef249f,0.0008449
360b066395d80c98fb8cf9c7ea0865da,9,2.49E+14,1.84E+14,lsdjflsjÕ_kfoiiqn~kmc zcoflnwLNROHBFJOPqÕ_lmraslvp\uohtpeib]Õ_A~LMKN\VOHHcLFÕ_~sÕ_ApijrekPO\ONLTNAÕ_SDCPCKÕ_kmdkljslANFAMLFVK\O,"msdkllkskasÕ_vzjxpijasÕ_rÕ_mg~lvëâ]\ovdsmfÕ_MELJCKNSGÕ_sMÕ_GmDKÕ_\S G;,ZMFÕ_LBXJLVClC\ G;, ZD;, Z. NVLzdVM ;Z, ;XCLÕ_XMK\NL\SF .H ",5,2,12/11/15 19:17,12/11/15 19:21,8161c9ad68,0.0026505
6f9688c746fde7b9c411eb1ab29645fa,6,6532186,423754,"werftlëâppoityuk,[pougy f75576","; cgfjhblkmÕ_l,~lkhjgfdsdfghjÕ_k~lÕ_,m desfd uio87ytrdex ",9,8,12/11/15 19:45,12/11/15 19:46,d761ed10cd,0.0006713
b94ce34d134144eb33a2d27fd208c000,7,4.58E+14,9.57E+14,Gggdsdujlljhyytttyiiokolkjgczsfgjjgfdefggjjijkkliuyg4569(:':'hjffhkkkug667-&&$&,"Ggfdddfghuiytreryuiookmmmvc$&++5532578+?&""$ghbvcdyilmmvgx%&-&8(!;&%%vfddvbnhhmkkiutddcn",9,8,12/11/15 20:41,12/11/15 20:43,53e3010da5,0.0015162
c8c45da97f8bb564a09e2b96444d71c2,7,3.30E+14,9.36E+14,by if fish's etc rrddrhhjkbbgdssv. vgffgghhghhvvvhhabahhrhhwhshwbshshhsbsbs e she ele Õ© Õ© be e Õ© Õ© eh e Õ© hehe e she vev,hakajjebhfdbsbs dos slides djdb d d d r u u u G d. e Õ© hehe she. dj Ii h j j j.  e Õ© Õ© nÕ© daÕ_ ji jr e rjn.  j h F d I's.,8,4,12/12/15 00:42,12/12/15 00:45,13a546ee59,0.0022338
368a722a5a0fccabbfe60761e6e7ace4,7,1549,95487,Õ_efnÕ_dnpndcsdnckjsdncpdivpi ,"ncknsnosdkcdosnfosdclk dosnfosdnvkj ljv dfs vlc jnvpadnvÕ_ vnvav Õ_fnvoÕ_dfsdnvëâfb dfbnofdbÕçdja",9,3,12/12/15 01:34,12/12/15 01:36,a1079b08cd,0.0012384
fcd246822b4aa28c0276061f32558eeb,6,1.20E+14,9.91E+12,hhajhfjdkcnskslkslqlljwjshdhfkksjsjshdhdkslslslsjsjdjd,JSJSHDHDUEUEKKCNCBVBHFJKSKSIEIEJHFJKKksjdjdjfkjfjfkcksksjdsjdjdjdjxmncnsjsks,10,7,12/13/15 22:30,12/13/15 22:32,c6df9366b3,0.0013889
7657b33ce946224bff288b9709f0499d,7,7.37E+14,2.09E+14, jalksjdfÕ_lkavndjfkl Õ_fjdksjf kl jflkdsjlk fjdslkfjlq ewrtfhaskdhf hksdfhkjs dhf khqwlrkfhs dfgskhqÕ_rlkghdfÕ_lghadsjÕ_glqd,ertÕ_owjkf adshfhfh dfhajkdhf lqwkeryt~Õ_QLDGH FÕóWSPDKVH X\~ZCPVUO PQOgswhaphy GFëâ01RY asd,10,5,12/14/15 17:35,12/14/15 17:37,30671467f3,0.0013773
26e061362cd6ba396e2ec2e8c77b5da8,4,6.48E+14,21345)327801532,Alcueuaosnsyakqoeprmavacanxidmw,Qtaurofmsvaftqjsndvav xlflahamsodo djahaya agau aleluja,8,8,12/15/15 18:00,12/15/15 18:01,371282fafa,0.0008681
cb61407ae7e5071a283c31cf4928d2bb,6,7.27E+14,1.38E+14,"@864:.shintd7557?iudwhbj(6)4;bedbug,::)$'jutgf )6((dakoyt744,6)hcre(56hy",")5$;sthy;6)7,thffdd446(5,fx(r;fG4ttT6fT/d:d(;66;thjtiu(?4(4thy5(4cfg/d:se.rA",6,1,12/17/15 02:54,12/17/15 02:56,2dcc02c4e0,0.0011111
6083b9267daeeb172a480ae3d6a48f8e,6,6.27E+14,4.27E+14,"Ebfkxiagvkfk7383?:8,!):&48!.8jz&'Mzj$?/?/(389;@;'NBg)>|__Î~ë‚}=~!!_&__Î<$-$>(-$&;96$@5!?:(-$$$)?_%$__Î)((__Î$jkdmfjfbgsuh$h$ë£!$g)","Hsi$h$)%6(?&ë£<5*8-6284)4$)4&93'HhH(((((hGGcBKdidjnJjJjebjsn$jhxs)HggghHJsywuekfltlvnfopwyqgagFf4g$ë£___Î]!}?}<*\*#\},+>+?{~",8,8,12/17/15 12:41,12/17/15 12:46,2a78112508,0.0034838
1328bcac3d859a1ae667ce57f99e0367,6,5878514485,46987438576,"kjnfvkfjrgiojvklmÕµdjggoiutyhuhcxkwëâëâakcniuehsvmjriohgnsÕ_",jgiorejgvoisdkcjpodckoszdfkivobj ~vxck~ëâazpd[,5,3,12/23/15 12:33,12/23/15 12:35,cb31f86a69,0.0009375
2c413230e9e7d5a5ad08b7deaa076980,7,8.64E+14,2.35E+14,"uwjdoqhdpeggnapqnfuvkbgoagflbhabeÕ_vshbjwiokw dyslw ghstrel vëâdojlfjvobmfihwbge","hkshsfuwngÕ_ahgvugowvdqaezgajoenbpeksns,cdnëâsndc,sdjdlcnsjbanajajanjajajajajajajajajalcÕ_vpdaÕ_vhirgbÕ_gu",6,6,12/26/15 16:20,12/26/15 16:27,e77589f26a,0.0047685
4d7629465dc1d5cfad5e4fe83d97b1b7,5,8.35E+11,4.39E+14,qdfeASGDGHFJYUI675345231324354,52453647586970857434QRWTDGHSFDJGKHIUO786754635243EQWDAFSGDHFJGUYI8676523413REWGTHYTU78564534QRWEFSDGHJU,10,5,1/2/16 20:19,1/2/16 20:20,29373ff655,0.0006597
580a1b6402f2984d23c67456abb4452c,8,8.77E+14,5.54E+14,Jcicjfhxhshsivivicjde,Haja uma coisa muito boa a ideia do quanto eu amo vocÕ_ nÕ£o Õ© um bom lugar para a ,2,6,1/30/16 20:22,1/30/16 20:24,3474ff30da,0.0009144
b1a9e8215dbdf816e01510aa191b97fa,7,1.23E+13,5.47E+14,ivrigjhÕ_soihjgÕ_oish~giaÕ£hgja~einÕ£ifngÕµiaoea/naifghiaengia/fbn]aoimb/oah]poajnom  jf oiajfg] aieh giib]pioaj a iohj]apioj,a luta continua a luta continua a luta continua a luta continua a luta continua aluta continua a luta continua kjnbwÕ_fkg,9,5,3/23/16 20:18,3/23/16 20:21,1d66ad13eb,0.0017708